ID_EQUIP_EDUCACAO;NOME;DEPENDENCIA_ADM;CODIGO_INEP;TIPO_LOGRADOURO;LOGRADOURO;NUMERO;COMPLEMENTO;BAIRRO;REGIONAL;GEOMETRIA
1982984;CRECHE CENTRO INFANTIL UNIAO;Creches Conveniadas;31290190;RUA;ROTARY CLUB;86;;Conjunto Santa Maria;CENTRO-SUL;POINT (609083.13 7793508.91)
1982057;NÚCLEO INFANTIL MARIA CÂNDIDA CORRÊA;Creches Conveniadas;31304000;RUA;PROFESSOR RAIMUNDO NONATO;220;;Santa Tereza;LESTE;POINT (613474.84 7797880.06)
1982209;CRECHE LAR CRISTÃO DA CRIANÇA;Creches Conveniadas;31281867;RUA;SALVADOR PIRRI;292;;Milionários;BARREIRO;POINT (604402.37 7790508.18)
1982100;CRECHE COMUNITÁRIA JESUS E AS CRIANÇAS;Creches Conveniadas;31257842;RUA;SANTA AMELIA;370;;São Marcos;NORDESTE;POINT (613894.45 7802400.77)
1981842;CRECHE MADRE MAZZARELLO;Creches Conveniadas;31308684;RUA;SANTAREM;278;;Nova Cintra;OESTE;POINT (605562.54 7793842.73)
1982324;SABER SISTEMA AGUIOS BAT ENS;Creches Conveniadas;31293091;RUA;SANTAREM;386;;Nova Cintra;OESTE;POINT (605774.80 7793708.25)
1982047;ESCOLA MUNICIPAL PROFESSOR LOURENCO DE OLIVEIRA;Municipal;31005291;RUA;SAO GOTARDO;321;;Santa Tereza;LESTE;POINT (613962.50 7797749.09)
1981850;CRECHE CASINHA FELIZ DA COMUNIDADE VILA SÃO JOSÉ;Creches Conveniadas;31308498;AVENIDA;SIDERAL;605;;Vila Madre Gertrudes I;OESTE;POINT (604275.64 7793581.77)
1982158;GRUPAC GRUPO DE APOIO A CRIANÇA PADRE TEODORO;Creches Conveniadas;31309125;RUA;TIRO;50;;São Salvador;NOROESTE;POINT (603198.44 7800100.76)
1983089;EMEI SOLAR RUBI;EMEIS;31361933;AVENIDA;WARLEY APARECIDO MARTINS;730;;Solar do Barreiro;BARREIRO;POINT (603055.68 7787074.47)
1981711;ESCOLA MUNICIPAL SOLAR RUBI;Municipal;31358614;AVENIDA;WARLEY APARECIDO MARTINS;854;;Solar do Barreiro;BARREIRO;POINT (603097.82 7786942.36)
1982239;ESCOLA MUNICIPAL AUGUSTA MEDEIROS;Municipal;31003077;RUA;GENERAL CLARK;28;;São Salvador;NOROESTE;POINT (603119.27 7800256.91)
1983125;EMEI VILA MARIA;EMEIS;31361925;RUA;ZELIA JACINTA DA COSTA;7;;Jardim Vitória;NORDESTE;POINT (616832.47 7804909.53)
1981812;ESCOLA MUNICIPAL CONEGO RAIMUNDO TRINDADE;Municipal;31003514;RUA;BRODOSQUI;51;;Piratininga;VENDA NOVA;POINT (605881.90 7809656.13)
1981837;CRECHE PRIMEIRO DE MAIO;Creches Conveniadas;31257516;RUA;HERCULANO MOURAO SALAZAR;95;;Vila Vista Alegre;OESTE;POINT (605500.25 7793452.19)
1982099;CRECHE OÁSIS;Creches Conveniadas;31291501;RUA;JOAZEIRO;41;;São Cristóvão;NORDESTE;POINT (610554.76 7799173.71)
1983090;EMEI BALEIA;EMEIS;31361690;RUA;JURAMENTO;660;;Paraíso;LESTE;POINT (615200.43 7796882.35)
1982511;CRECHE NOSSA SENHORA AUXILIADORA DO BAIRRO SANTA MARIA;Creches Conveniadas;31309524;RUA;GONCALVES CRESPO;23;;Santa Maria;OESTE;POINT (603589.32 7795233.86)
1981822;CRECHE CENTRO INFANTIL AMÉLIA CRISPIM;Creches Conveniadas;31281468;RUA;LUNDS FERREIRA;145;;Nova Vista;LESTE;POINT (615071.86 7800827.23)
1983084;EMEI VILA CLÓRIS;EMEIS;31357774;RUA;DAS GAIVOTAS;838;;Xodó-Marize;NORTE;POINT (610783.36 7807596.38)
1983063;EMEI ALESSANDRA SALUM CADAR;EMEIS;31232025;RUA;BUDAPESTE;68;;Europa;VENDA NOVA;POINT (607961.20 7809851.70)
1982088;CENTRO DE EDUCAÇÃO COMUNITÁRIA SAGRADO CORAÇÃO DE JESUS;Creches Conveniadas;31282278;RUA;MARIO MACHADO;69;;Três Marias;NORDESTE;POINT (615244.50 7804221.97)
1982965;CENTRO PEDAGÓGICO CASA VERDE;Creches Conveniadas;31347019;RUA;JOSUE MARTINS DE SOUZA;941;;Lagoa;VENDA NOVA;POINT (604275.51 7809119.61)
1982693;CENTRO PEDAGOGICO CASA VERDE;Creches Conveniadas;31347019;RUA;JOSUE MARTINS DE SOUZA;941;;Lagoa;VENDA NOVA;POINT (604275.51 7809119.61)
1982073;CRECHE SANTA TEREZINHA DO BAIRRO JAQUELINE;Creches Conveniadas;31290106;RUA;SENHORA DO BELO RAMO;175;;Jaqueline;NORTE;POINT (611083.99 7809993.23)
1983139;EMEI PILAR OLHOS D´ÁGUA;EMEIS;31357375;AVENIDA;SIGMUND WEISS;25;;Pilar;BARREIRO;POINT (607631.77 7788232.91)
1983178;EMEI LINDÉIA;EMEIS;31361976;RUA;DOS PINHOS;91;;Lindéia;BARREIRO;POINT (599257.62 7790759.87)
1982042;ESCOLA MUNICIPAL PROFESSORA EFIGENIA VIDIGAL;Municipal;31003212;RUA;JOSE GUALBERTO;295;;Palmeiras;OESTE;POINT (606446.52 7791518.48)
1981739;ESCOLA MUNICIPAL DEPUTADO MILTON SALLES;Municipal;31003298;RUA;TEOFILO FILHO;222;;Jardim América;OESTE;POINT (607847.62 7793149.00)
1981839;LAR ESPÍRITA ESPERANÇA;Creches Conveniadas;31004383;RUA;DOUTOR SAMUEL HAHNEMANN;99;;Salgado Filho;OESTE;POINT (606757.33 7793809.50)
1981846;CASAS LARES ANA G. CASTILHO;Creches Conveniadas;31290076;RUA;DOUTOR SAMUEL HAHNEMANN;165;;Salgado Filho;OESTE;POINT (606854.56 7793804.21)
1983503;CRECHE LAR FREI TONINHO;Creches Conveniadas;31308935;RUA;DAS AGUAS;80;;Petrópolis;BARREIRO;POINT (601421.78 7786469.30)
1983388;ESCOLA INFANTIL E CASA DE BRINCAR ABELHINHA DOURADAULL;Creches Conveniadas;31377228;RUA;CARLOS GARDEL;200;;Ribeiro de Abreu;NORDESTE;POINT (615310.88 7806092.89)
1982077;LAR CRECHE PINGO DE GENTE;Creches Conveniadas;31308536;RUA;SEBASTIAO CARDOSO ANTOLIN;132;;Jardim Guanabara;NORTE;POINT (611314.92 7807243.38)
1983079;EMEI PROFESSORA ACIDÁLIA LOTT;EMEIS;31357570;RUA;ANTONIO MARIANO DE ABREU;1364;;Paulo VI;NORDESTE;POINT (616263.52 7806504.38)
1981756;ESCOLA MUNICIPAL PROFESSORA ACIDALIA LOTT;Municipal;31003697;RUA;ANTONIO MARIANO DE ABREU;1231;;Paulo VI;NORDESTE;POINT (616172.37 7806392.50)
1981847;CRECHE SEMENTINHA ALEGRE;Creches Conveniadas;31309281;RUA;DO GROTAO;7;;Havaí;OESTE;POINT (607485.82 7793275.12)
1983129;EMEI SANTA CRUZ;EMEIS;31357545;RUA;FLORICENA FARIA FRAGA;241;;Santa Cruz;NORDESTE;POINT (610933.12 7801443.30)
1981902;ESCOLA MUNICIPAL MONSENHOR ARTUR DE OLIVEIRA;Municipal;31002631;RUA;FORNACIARI;157;;Caiçaras;NOROESTE;POINT (608321.26 7798575.82)
1982514;CRECHE COMUNITÁRIA AURÉLIO PIRES;Creches Conveniadas;31282022;PRACA;SANTO ANTONIO;125;;Aeroporto;PAMPULHA;POINT (609376.74 7804287.93)
1982263;ESCOLA MUNICIPAL POLO DE EDUCAÇÃO INTEGRADA;Municipal;31369446;PRACA;MODESTINO SALES BARBOSA;50;;Flávio Marques Lisboa;BARREIRO;POINT (603996.15 7788640.31)
1983241;CANTINHO DA PAZ;Creches Conveniadas;31373095;RUA;DOMINGOS RODRIGUES;260;;Conjunto Taquaril;LESTE;POINT (617956.57 7796764.37)
1982085;CRECHE SÃO GERALDO;Creches Conveniadas;31282308;PRACA;MUQUI;121;;Renascença;NORDESTE;POINT (611157.66 7800313.39)
1983116;EMEI CAMARGOS;EMEIS;31361739;RUA;GENTIL PORTUGAL DO BRASIL;61;;Camargos;OESTE;POINT (602435.91 7795501.20)
1982126;ESCOLA MUNICIPAL DA VILA PINHO;Municipal;31217859;RUA;COLETORA;956;;Vila Pinho;BARREIRO;POINT (602168.16 7787835.02)
1981925;ESCOLA MUNICIPAL PROFESSOR DOMICIANO VIEIRA;Municipal;31003344;RUA;SAO BENTO;1591;;Sagrada Família;LESTE;POINT (613484.21 7798909.87)
1982084;ASSOCIAÇÃO COMUNITÁRIA DA VILA PRESIDENTE VARGAS;Creches Conveniadas;31282341;BECO;UM;45;;São Benedito;NORDESTE;POINT (615341.04 7802456.47)
1982543;CRECHE ARCO-ÍRIS;Creches Conveniadas;31345245;RUA;VISCONDE DE ITABORAI;191;;Jardim Leblon;VENDA NOVA;POINT (606159.00 7807145.43)
1983056;EMEI PROFESSORA MARÍLIA TANURE PEREIRA;EMEIS;31002640;RUA;VINTE E OITO DE SETEMBRO;138;;Esplanada;LESTE;POINT (614605.58 7798985.81)
1983389;ESCOLA INFANTIL UNIPED;Creches Conveniadas;31376183;RUA;DAS CODORNAS;149;;Vila Clóris;NORTE;POINT (610029.22 7807251.80)
1981741;ESCOLA MUNICIPAL BENJAMIM JACOB;Municipal;31003158;RUA;VENEZUELA;643;;Sion;CENTRO-SUL;POINT (611238.59 7793276.77)
1982067;CRECHE AGOSTINHO CÂNDIDO DE SOUZA;Creches Conveniadas;31281379;RUA;VOLTS;80;;Primeiro de Maio;NORTE;POINT (612105.25 7803398.20)
1981886;ESCOLA MUNICIPAL PRESIDENTE JOAO PESSOA;Municipal;31232017;RUA;CONGONHAS;639;;Santo Antônio;CENTRO-SUL;POINT (610755.43 7794416.15)
1982177;ESCOLA MUNICIPAL MARIO MOURAO FILHO;Municipal;31003620;RUA;MARIA GERTRUDES SANTOS;1029;;Céu Azul;VENDA NOVA;POINT (604280.83 7808989.97)
1983189;EMEI PEDRO LESSA;EMEIS;31368644;RUA;PEDRO LESSA;506;;Pedreira Prado Lopes;NOROESTE;POINT (609847.38 7798787.63)
1981769;CRECHE MENINO JESUS;Creches Conveniadas;31281476;RUA;PAULO AFONSO;630;;Santo Antônio;CENTRO-SUL;POINT (610286.26 7794524.16)
1983092;EMEI GUARANI;EMEIS;31361828;RUA;PACAEMBU;10;;Guarani;NORTE;POINT (612727.35 7805714.77)
1981807;ESCOLA MUNICIPAL SECRETARIO HUMBERTO ALMEIDA;Municipal;31003786;TRAVESSA;SERRA DO ITATIAIA;3;;Ribeiro de Abreu;NORTE;POINT (614919.03 7807828.61)
1983149;EMEI CACHOEIRINHA;EMEIS;31357553;RUA;CONDE SANTA MARINHA;370;;Cachoeirinha;NORDESTE;POINT (610414.78 7799923.58)
1983080;EMEI ITAMARATI;EMEIS;31357987;RUA;DOS COMANCHES;245;;Santa Mônica;VENDA NOVA;POINT (606769.25 7806804.65)
1983153;EMEI CAVALINHO DE PAU;EMEIS;31357634;RUA;CIRCULAR;315;;São Gabriel;NORDESTE;POINT (613824.72 7804337.03)
1981859;ESCOLA MUNICIPAL OSWALDO FRANCA JUNIOR;Municipal;31219223;RUA;CIRCULAR;335;;São Gabriel;NORDESTE;POINT (613803.50 7804366.61)
1983048;EMEI PRIMEIRO DE MAIO;EMEIS;31357740;RUA;CINCO DE JULHO;119;;Providência;NORTE;POINT (612287.04 7803784.33)
1982527;INSTITUTO DE EDUCAÇÃO ARCA DE NOÉ;Creches Conveniadas;31315249;RUA;MAESTRO GEORGE MARINUZZI;321;;Manacás;PAMPULHA;POINT (604759.99 7800038.17)
1983244;CRECHE CANTINHO ENCANTADOR;Creches Conveniadas;31373486;RUA;ROSA DE PEDRA;140;;Etelvina Carneiro;NORTE;POINT (611405.41 7808983.07)
1981962;ESCOLA MUNICIPAL FERNANDO DIAS COSTA;Municipal;31217875;RUA;PEDRO ALEXANDRINO MENDONCA;59;;Conjunto Taquaril;LESTE;POINT (617443.00 7797017.35)
1982039;ESCOLA MUNICIPAL ELOY HERALDO LIMA;Municipal;31217824;RUA;ENGRACIA COSTA E SILVA;56;;Vale do Jatobá;BARREIRO;POINT (600257.53 7787691.17)
1981848;GRUPO DE APOIO A CRIANÇA E AO ADOLESCENTE DA CABANA E REGIÃO;Creches Conveniadas;31257508;RUA;JOAO PIRES;455;;Cabana do Pai Tomás;OESTE;POINT (604811.11 7794204.34)
1983045;EMEI JOSÉ ISIDORO FILHO;EMEIS;31357340;RUA;ATLANTA;42;;Esperança;BARREIRO;POINT (605670.35 7788928.59)
1981973;ESCOLA MUNICIPAL DOM BOSCO;Municipal;31331589;RUA;BICUIBA;100;;Dom Bosco;NOROESTE;POINT (604651.01 7797435.81)
1982883;CRECHE ANJOS DE DEUS;Creches Conveniadas;31332101;RUA;CAMPOS ELISEOS;519;;Alto Barroca;OESTE;POINT (608004.35 7795600.02)
1983126;EMEI VILA CALAFATE;EMEIS;31361720;RUA;CONTENDAS;254;;Alto Barroca;OESTE;POINT (607671.37 7795749.13)
1981945;ESCOLA MUNICIPAL MAGALHAES DRUMOND;Municipal;31003107;RUA;CONTENDAS;200;;Alto Barroca;OESTE;POINT (607663.07 7795797.39)
1981745;ESCOLA MUNICIPAL PADRE FLAVIO GIAMMETTA;Municipal;31002658;RUA;SEBASTIAO MARIA DA SILVA;175;;Átila de Paiva;BARREIRO;POINT (601765.36 7790686.10)
1983176;EMEI BELMONTE;EMEIS;31357596;RUA;DOM SILVERIO GOMES PIMENTA;325;;Belmonte;NORDESTE;POINT (615147.12 7805176.57)
1981757;ESCOLA MUNICIPAL PROFESSORA CONSUELITA CANDIDA;Municipal;31003701;RUA;DOM SILVERIO GOMES PIMENTA;301;;Belmonte;NORDESTE;POINT (615209.44 7805282.04)
1981773;CRECHE CENTRO MATERNO INFANTIL ANA MARIA DE CASTRO VEADO;Creches Conveniadas;31258351;RUA;DOUTOR CAMILO ANTONIO NOGUEIRA;451;;Nossa Senhora da Conceição;CENTRO-SUL;POINT (613571.16 7795221.48)
1983075;EMEI SANTA ROSA;EMEIS;31362140;RUA;CALDAS DA RAINHA;527;;São Francisco;PAMPULHA;POINT (609786.87 7802436.28)
1983134;EMEI CÉU AZUL;EMEIS;31358045;RUA;SAO JOAO BATISTA DO GLORIA;530;;Piratininga;VENDA NOVA;POINT (605584.76 7808094.18)
1981892;CRECHE COMUNITÁRIA PADRE FRANCISCO CARVALHO MOREIRA;Creches Conveniadas;31281531;RUA;TUCUMAN;564;;São Geraldo;LESTE;POINT (615373.93 7799526.18)
1982186;CENTRO PEDAGÓGICO ANUNCIATA;Creches Conveniadas;31319414;RUA;VIRGILIO;210;;Glória;NOROESTE;POINT (603828.18 7799216.29)
1981840;ORGANIZAÇÃO EDUCACIONAL JOÃO XXIII - AMPC;Creches Conveniadas;31000981;RUA;VISCONDE DE CAIRU;75;;Madre Gertrudes;OESTE;POINT (603985.14 7794022.51)
1983246;INSTITUTO DE EDUCACAO  INFANTIL CLUBE DO MICKEY;Creches Conveniadas;31374059;RUA;ELI ANTONIO DA COSTA;75;;Lagoa;VENDA NOVA;POINT (604632.43 7809677.60)
1981832;ESCOLA MUNICIPAL FLORESTAN FERNANDES;Municipal;31283011;RUA;PAU-FERRO;360;;Solimões;NORTE;POINT (612627.17 7807917.92)
1981813;ESCOLA MUNICIPAL PROFESSOR MOACYR ANDRADE;Municipal;31003743;RUA;DOS CACADORES;93;;Lagoa;VENDA NOVA;POINT (605029.83 7809498.27)
1981731;ESCOLA MUNICIPAL WLADIMIR DE PAULA GOMES;Municipal;31003433;RUA;UARIRA;350;;Casa Branca;LESTE;POINT (616129.78 7799287.10)
1981893;CRECHE CRIANÇA FELIZ DA COMUNIDADE DOS AMIGOS DO BAIRRO CAETANO FURQUIM;Creches Conveniadas;31289604;RUA;UARIRA;317;;São Geraldo;LESTE;POINT (616107.33 7799207.84)
1981703;ESCOLA MUNICIPAL JARDIM LEBLON;Municipal;31362247;RUA;SILVA XAVIER;15;;Jardim Leblon;VENDA NOVA;POINT (606246.53 7807361.75)
1983081;EMEI CAPIVARI;EMEIS;31357464;RUA;CAPIVARI;1026;;Marçola;CENTRO-SUL;POINT (613971.97 7794757.97)
1983383;CRECHE CASULO JARDIM DAS BORBOLETAS;Creches Conveniadas;31377996;RUA;CONSELHEIRO JOAQUIM CAETANO;1520;;Nova Granada;OESTE;POINT (607956.22 7794080.90)
1982066;CAD - CRECHE ABELHINHA DOURADA;Creches Conveniadas;31290033;RUA;RIO GRANDE;375;;Minaslândia;NORTE;POINT (611910.83 7804403.51)
1981776;CRECHE EDUCACIONAL NASCER DA ESPERANÇA;Creches Conveniadas;31281344;RUA;H;280;;Vila Barragem Santa Lúcia;CENTRO-SUL;POINT (610704.73 7793596.99)
1982610;INSTITUTO BENEFICENTE FILADELFIA;Creches Conveniadas;31360708;RUA;CONSELHEIRO LAFAIETE;1580;;Sagrada Família;LESTE;POINT (612753.00 7799423.08)
1983051;EMEI MARIA DA GLÓRIA LOMMEZ;EMEIS;31205681;RUA;CARMO DO RIO CLARO;145;;Pedreira Prado Lopes;NOROESTE;POINT (609909.51 7798824.16)
1983058;EMEI PEDREIRA PRADO LOPES;EMEIS;31357715;RUA;CARMO DO RIO CLARO;203;;Pedreira Prado Lopes;NOROESTE;POINT (609912.73 7798907.71)
1983124;EMEI IPIRANGA;EMEIS;31361836;RUA;DOM CABRAL;133;;Ipiranga;NORDESTE;POINT (611784.22 7800719.07)
1982094;CRECHE LAR DOS MENINOS SÃO DOMINGOS OBRA SOCIAL - LMSDOS;Creches Conveniadas;31282391;RUA;DOM CABRAL;25;;Vila Ipiranga;NORDESTE;POINT (611655.22 7800651.40)
1982725;INSTITUTO EDUCACIONAL RAIO DE SOL;Creches Conveniadas;31355763;RUA;CENTRAL;1176;;Jardim Leblon;VENDA NOVA;POINT (605954.53 7807147.59)
1983100;EMEI SÃO BERNARDO;EMEIS;31357766;RUA;CECILIA PINTO;105;;São Bernardo;NORTE;POINT (610540.21 7805193.71)
1982184;ESCOLA INCLUSIVA RENASCER;Creches Conveniadas;31308501;RUA;BANGU;316;;Alto Caiçaras;NOROESTE;POINT (606987.52 7799180.20)
1983144;EMEI GRANJA DE FREITAS;EMEIS;31357510;RUA;SAO VICENTE;371;;Granja de Freitas;LESTE;POINT (616751.81 7798244.82)
1981935;ESCOLA MUNICIPAL DOUTOR JULIO SOARES;Municipal;31346853;RUA;SAO VICENTE;200;;Granja de Freitas;LESTE;POINT (616862.45 7798349.58)
1982179;ESCOLA MUNICIPAL DINORAH MAGALHAES FABRI;Municipal;31003174;RUA;PAVAO;295;;Esperança;BARREIRO;POINT (605596.84 7788859.29)
1983059;EMEI GRAJAÚ;EMEIS;31357863;RUA;SANTA INES;75;;São Jorge II;OESTE;POINT (608629.87 7794530.47)
1981843;CRECHE SANTA SOFIA;Creches Conveniadas;31308692;RUA;HELIOTERIO;85;;Santa Sofia;OESTE;POINT (608245.58 7793676.29)
1982525;CRECHE DAS PERPÉTUAS;Creches Conveniadas;31281743;RUA;GUARUBA;25;;Alípio de Melo;PAMPULHA;POINT (604109.18 7799629.73)
1983154;EMEI VILA APOLÔNIA;EMEIS;31357995;RUA;MARROCOS;678;;Apolônia;VENDA NOVA;POINT (605490.55 7807296.11)
1982172;ESCOLA MUNICIPAL PERSIO PEREIRA PINTO;Municipal;31002976;RODOVIA;ANEL RODOVIARIO CELSO MELLO AZEVEDO;28177;;Tiradentes;NORDESTE;POINT (617523.56 7805941.22)
1982097;NÚCLEO ESPÍRITA INFANTIL VOVÓ SILVINHA - NEIVOS;Creches Conveniadas;31308889;RODOVIA;MG CINCO;501;;Goiânia;NORDESTE;POINT (614718.83 7803184.17)
1981849;CENTRO DE EDUCAÇÃO INFANTIL JOÃO PAULO II;Creches Conveniadas;31281841;RUA;MAQUINE;86;;Salgado Filho;OESTE;POINT (606942.35 7794765.58)
1982075;EDUCANDARIO E CRECHE MENINO JESUS;Creches Conveniadas;31282294;RUA;ITAPAGIPE;622;;Concórdia;NORDESTE;POINT (611520.58 7798933.98)
1981910;ESCOLA MUNICIPAL AMERICO RENE GIANNETTI;Municipal;31002879;RUA;JUNDIAI;557;;Concórdia;NORDESTE;POINT (610924.41 7799424.07)
1982035;ESCOLA MUNICIPAL HUGO PINHEIRO SOARES;Municipal;31002861;RUA;JUNDIAI;567;;Concórdia;NORDESTE;POINT (610939.09 7799455.22)
1982522;CRECHE OÁSIS DE ESPERANÇA;Creches Conveniadas;31308897;RUA;JORDANIA;300;;Ouro Preto;PAMPULHA;POINT (605880.40 7802377.44)
1982183;ICA - INSTITUTO CRISTÃO ÁGAPE;Creches Conveniadas;31308731;RUA;GRUPIARA;66;;Bonfim;NOROESTE;POINT (609754.08 7797864.84)
1983128;EMEI PINDORAMA;EMEIS;31357685;RUA;GUARARAPES;1850;;Pindorama;NOROESTE;POINT (602472.02 7798078.06)
1982181;CRECHE COMUNITÁRIA CRIANÇA ESPERANÇA;Creches Conveniadas;31303721;RUA;GUARARAPES;195;;Novo Glória;NOROESTE;POINT (603582.63 7798802.42)
1981956;ESCOLA MUNICIPAL PADRE FRANCISCO CARVALHO MOREIRA;Municipal;31218618;RUA;ITAITUBA;12;;São Geraldo;LESTE;POINT (614747.55 7799286.43)
1983108;EMEI SANTA AMÉLIA;EMEIS;31357944;RUA;MANOEL EUSTAQUIO;98;;Santa Amélia;PAMPULHA;POINT (606490.92 7805382.03)
1983152;EMEI CAETANO FURQUIM;EMEIS;31357529;RUA;MAIRINK;625;;Casa Branca;LESTE;POINT (616222.87 7799302.43)
1982218;ESCOLA MUNICIPAL JOSEFINA SOUZA LIMA;Municipal;31003522;RUA;MARIA ORTIZ;195;;Minaslândia;NORTE;POINT (611943.60 7804050.02)
1982058;CRECHE IRMÃO OTHO;Creches Conveniadas;31303640;RUA;MARIA MACAFERRI;171;;Paraíso;LESTE;POINT (614364.54 7796304.62)
1982189;CRECHE TIA IOLANDA;Creches Conveniadas;31340154;RUA;MARIO CAMPOS;350;;Inconfidência;NOROESTE;POINT (604817.64 7798564.47)
1981872;ESCOLA MUNICIPAL PRESIDENTE TANCREDO NEVES;Municipal;31003689;RUA;RADIALISTA JOAQUIM DA FONSECA;45;;Céu Azul;VENDA NOVA;POINT (604476.33 7808291.67)
1982074;OFICINA ESCOLA DE ANGELIS;Creches Conveniadas;31289833;RUA;SANTA CLARA DE ASSIS;96;;Minaslândia;NORTE;POINT (611831.22 7804341.68)
1982214;SICRA - SOCIEDADE IRMÃOS DAS CRIANÇAS;Creches Conveniadas;31210064;RUA;MARCELO ROBSON DOS SANTOS;149;;Brasil Industrial;BARREIRO;POINT (603042.89 7788118.27)
1981734;ESCOLA MUNICIPAL JOSE MADUREIRA HORTA;Municipal;31003549;RUA;JOAQUIM RAYMUNDO BRAGA;40;;Santa Amélia;PAMPULHA;POINT (606837.59 7806357.20)
1983105;EMEI BRAÚNAS;EMEIS;31357928;RUA;AUREA ELIZA VALADAO;40;;Braúnas;PAMPULHA;POINT (603485.60 7805833.00)
1982054;CENTRO DE EDUCAÇÃO INFANTIL LUCINDA ÁLVARES DE OLIVEIRA LEITE;Creches Conveniadas;31289566;RUA;MADRE ISABEL TEJERO;100;;Mariano de Abreu;LESTE;POINT (616182.97 7799857.78)
1983172;EMEI MALDONADO;EMEIS;31361704;RUA;ALCINDO GONCALVES COTTA;105;;Diamante;BARREIRO;POINT (602072.46 7789996.87)
1982170;ESCOLA MUNICIPAL ANTONIO SALLES BARBOSA;Municipal;31002992;RUA;SABINO JOSE FERREIRA;5;;Tirol;BARREIRO;POINT (599856.11 7789971.46)
1982198;CRECHE COMUNITÁRIA MARIA BESSA;Creches Conveniadas;31281310;RUA;CLOVIS DE SOUZA MUNHOZ;53;;Lindéia;BARREIRO;POINT (598925.76 7789789.50)
1981744;ESCOLA MUNICIPAL LUIZ GATTI;Municipal;31003085;RUA;O GARIMPEIRO;45;;Ademar Maldonado;BARREIRO;POINT (601879.93 7790205.44)
1981954;ESCOLA MUNICIPAL UNIAO COMUNITARIA;Municipal;31273252;RUA;PROFESSOR LUIZ BICALHO;505;;Brasil Industrial;BARREIRO;POINT (603091.99 7788168.48)
1983064;EMEI VEREADOR ANTÔNIO MENEZES;EMEIS;31206539;RUA;CARLOS TORREZANI;190;;Letícia;VENDA NOVA;POINT (606964.13 7809388.03)
1981873;ESCOLA MUNICIPAL DE ENSINO ESPECIAL DO BAIRRO VENDA NOVA;Municipal;31217816;RUA;CARLOS TORREZANI;190;;Letícia;VENDA NOVA;POINT (606957.37 7809389.40)
1983221;ASSOCIAÇÃO ARCO ENCANTADO;Creches Conveniadas;31375543;RUA;RADIALISTA MARIO MARCOS;49;;Céu Azul;VENDA NOVA;POINT (604534.06 7808230.83)
1982213;CENTRO INFANTIL LAR FELIZ;Creches Conveniadas;31004081;RUA;MADRE PAULINA;64;;Diamante;BARREIRO;POINT (601195.91 7789877.45)
1982988;CRECHE CASA DA CRIANCA;Creches Conveniadas;31308722;RUA;CARLOS ETIENE DE CASTRO;33;;Marçola;CENTRO-SUL;POINT (613934.32 7794986.10)
1983117;EMEI SERRA VERDE;EMEIS;31362190;RUA;JOSE MACHADO RIBEIRO;94;;Cenáculo;VENDA NOVA;POINT (608767.92 7809885.28)
1983052;EMEI LUCAS MONTEIRO MACHADO;EMEIS;31357383;RUA;SOLDADO WEVERSON DE ALMEIDA;350;;Vila Pinho;BARREIRO;POINT (601762.67 7788294.43)
1983402;ESTRELINHA BRILHANTE;Creches Conveniadas;31378003;RUA;ODILON MELO FRANCO;438;;Goiânia;NORDESTE;POINT (615262.09 7803442.56)
1983403;IES;Creches Conveniadas;31377880;RUA;RADIALISTA CAETANO SILVA;105;;Céu Azul;VENDA NOVA;POINT (604897.08 7807448.48)
1983091;EMEI MINASLÂNDIA;EMEIS;31357758;RUA;MARIA MADALENA ESTEVES;95;;Minaslândia;NORTE;POINT (611840.47 7804581.97)
1981811;ESCOLA MUNICIPAL ADAUTO LUCIO CARDOSO;Municipal;31003450;RUA;ERNESTO GAZZOLLI;164;;Céu Azul;VENDA NOVA;POINT (604936.45 7808572.99)
1981762;ESCOLA MUNICIPAL DESEMBARGADOR LORETO RIBEIRO DE ABREU;Municipal;31003573;RUA;MARCOS DONATO DE LIMA;520;;Ribeiro de Abreu;NORTE;POINT (615013.50 7808345.83)
1982080;INSTITUTO EDUCACIONAL PING-PONG;Creches Conveniadas;31324566;RUA;AUGUSTA ANDRADE LAGE;1197;;Jaqueline;NORTE;POINT (611776.51 7810502.71)
1982204;ESCOLA MUNICIPAL JULIA PARAISO;Municipal;31003026;RUA;TIES;100;;Alípio de Melo;PAMPULHA;POINT (604053.06 7799733.39)
1983073;EMEI JARDIM VITÓRIA II;EMEIS;31361909;RUA;LOURDES GONCALVES BARBOSA;785;;Jardim Vitória;NORDESTE;POINT (617616.65 7803677.97)
1981712;ESCOLA MUNICIPAL JARDIM VITORIA;Municipal;31362581;RUA;LOURDES GONCALVES BARBOSA;160;;Jardim Vitória;NORDESTE;POINT (618096.19 7803893.97)
1983106;EMEI CALIFÓRNIA;EMEIS;31357669;RUA;QUATRO MIL QUATROCENTOS E VINTE E NOVE;155;;Vila Califórnia;NOROESTE;POINT (603728.02 7796923.33)
1981976;ESCOLA MUNICIPAL VILA FAZENDINHA;Municipal;31330868;RUA;PAULO DE SOUZA;51;;Fazendinha;CENTRO-SUL;POINT (614476.31 7795769.77)
1982261;ESCOLA MUNICIPAL MARIA DE REZENDE COSTA;Municipal;31003166;AVENIDA;ABILIO MACHADO;1009;;Glória;NOROESTE;POINT (604681.60 7798572.56)
1982060;CENTRO INFANTIL NOSSA SENHORA MENINA;Creches Conveniadas;31329339;RUA;GIL EANES;77;;Taquaril;LESTE;POINT (616977.19 7797020.32)
1981974;ESCOLA MUNICIPAL ACADEMICO VIVALDI MOREIRA;Municipal;31312614;RUA;AGENOR DE PAULA ESTRELA;393;;Jaqueline;NORTE;POINT (610991.32 7809637.76)
1983263;"INSTITUTO BETÂNIA PRIMEIROS PASSOS
";Creches Conveniadas;31377007;RUA;PADRE PEDRO PINTO;2435;;Candelária;VENDA NOVA;POINT (607882.28 7809420.03)
1983147;EMEI PARAÚNAS;EMEIS;31358053;RUA;PADRE PEDRO PINTO;5700;;Maria Helena;VENDA NOVA;POINT (605965.78 7809972.67)
1982537;CENTRO EDUCACIONAL ALICERCE PARA VIDA;Creches Conveniadas;31289922;RUA;PADRE PEDRO PINTO;1251;;Venda Nova;VENDA NOVA;POINT (608773.25 7808767.36)
1981908;ESCOLA MUNICIPAL DOM JAIME DE BARROS CAMARA;Municipal;31003310;RUA;FREDERICO BRACHER JUNIOR;123;;Carlos Prates;NOROESTE;POINT (608010.26 7797549.58)
1982068;CRECHE ASSISTENCIAL SÃO BERNARDO;Creches Conveniadas;31281387;RUA;ARMANDO RIBEIRO DOS SANTOS;105;;São Bernardo;NORTE;POINT (611052.08 7804826.59)
1983132;EMEI VILA CONCEIÇÃO;EMEIS;31357421;RUA;CORONEL ALVINO ALVIM DE MENEZES;111;;Nossa Senhora do Rosário;CENTRO-SUL;POINT (613513.61 7795564.80)
1981863;ESCOLA MUNICIPAL MONTEIRO LOBATO;Municipal;31002909;RUA;SANTA APOLONIA;120;;São Marcos;NORDESTE;POINT (614102.25 7802015.10)
1983502;CRECHE PADRE EUSTAQUIO - UNIDADE II;Creches Conveniadas;31376973;RUA;SEARA;520;;Coqueiros;NOROESTE;POINT (602188.57 7798866.41)
1982069;CRECHE COMUNITÁRIA CRISTO OPERÁRIO;Creches Conveniadas;31283606;RUA;RISOLETA PINTO SARDINHA;41;;Planalto;NORTE;POINT (610163.98 7806242.28)
1983245;CRECHE CASINHA DA VOVO - FILIAL;Creches Conveniadas;31375560;RUA;DOUTOR FRANCISCO SILVEIRA;216;;Petrópolis;BARREIRO;POINT (601445.55 7786834.07)
1982593;INSTITUTO PEDAGOGICO ILUMINAR;Creches Conveniadas;31355925;RUA;GOUVEIA;70;;Vila São Geraldo;LESTE;POINT (615249.61 7799665.98)
1983387;CSACA MONTES CLAROS;Creches Conveniadas;31379760;RUA;QUINHENTOS E QUINZE;285;;Montes Claros;NORDESTE;POINT (616107.28 7807017.64)
1981826;CRECHE SÃO JOSÉ;Creches Conveniadas;31356115;RUA;PORANGA;127;;Dom Bosco;NOROESTE;POINT (604711.31 7798078.90)
1981777;CRECHE MADRE GARCIA;Creches Conveniadas;31290335;RUA;PRINCIPAL;19;;Vila Barragem Santa Lúcia;CENTRO-SUL;POINT (610400.81 7793571.74)
1981796;MORADA NOVA - CASA DA CRIANÇA;Creches Conveniadas;31320765;RUA;PRINCIPAL;531;;Vila Barragem Santa Lúcia;CENTRO-SUL;POINT (610507.09 7793212.12)
1982516;CRECHE COMUNITÁRIA PEQUENO ALEXANDRE;Creches Conveniadas;31282260;RUA;ANTERO DE QUENTAL;49;;Santa Branca;PAMPULHA;POINT (608237.59 7806334.33)
1981924;ESCOLA MUNICIPAL MONSENHOR JOAO RODRIGUES DE OLIVEIRA;Municipal;31002691;RUA;ARAPARI;95;;São Geraldo;LESTE;POINT (615436.99 7799410.06)
1982064;MOVIMENTO DE PROMOÇÃO SOCIAL - MOPS;Creches Conveniadas;31289990;RUA;ARAPARI;470;;Mariano de Abreu;LESTE;POINT (615892.27 7799527.32)
1981845;CRUZADA DO BEM ELIZABETH SANTOS;Creches Conveniadas;31308625;RUA;BOGOTA;95;;Jardim América;OESTE;POINT (607569.24 7794540.65)
1983060;EMEI MARIA SALES FERREIRA;EMEIS;31205702;RUA;DAS CANOAS;150;;Betânia;OESTE;POINT (605347.05 7792660.80)
1982244;ESCOLA MUNICIPAL PROFESSOR CLAUDIO BRANDAO;Municipal;31003328;RUA;CANTAGALO;1147;;Aparecida;NOROESTE;POINT (609629.93 7800339.85)
1982056;INSTITUTO EDUCACIONAL ÁGAPE;Creches Conveniadas;31320552;RUA;CONDE D'EU;867;;Vera Cruz;LESTE;POINT (615526.32 7797747.82)
1981732;ESCOLA MUNICIPAL PROFESSOR MILTON LAGE;Municipal;31003735;RUA;ITAGIBA MIRANDA RABELO;70;;Vila Maria;NORDESTE;POINT (616760.17 7804546.21)
1982078;ESCOLA E CRECHE SANTO TOMAZ DE AQUINO;Creches Conveniadas;31281581;RUA;DEZ DE NOVEMBRO;176;;São Tomáz;NORTE;POINT (609759.86 7805327.53)
1981770;OBRAS PAVONIANAS;Creches Conveniadas;31320544;RUA;DIAS DE TOLEDO;99;;Coração de Jesus;CENTRO-SUL;POINT (609841.80 7793888.46)
1983171;EMEI CINQUENTENÁRIO;EMEIS;31361712;AVENIDA;DOM JOAO VI;691;;Cinquentenário;OESTE;POINT (606495.01 7792496.06)
1983142;EMEI VILA SENHOR DOS PASSOS;EMEIS;31357723;RUA;EVARISTO DA VEIGA;239;;Senhor dos Passos;NOROESTE;POINT (610043.80 7798591.43)
1982040;ESCOLA MUNICIPAL AIRES DA MATA MACHADO;Municipal;31002836;AVENIDA;SENADOR LEVINDO COELHO;632;;Tirol;BARREIRO;POINT (600952.13 7788884.24)
1982196;CRECHE COMUNITÁRIA DO BAIRRO SANTA CECÍLIA JOÃO AUGUSTO BITARÃES FILHOS DE DEUS;Creches Conveniadas;31282413;AVENIDA;SENADOR LEVINDO COELHO;1167;;Santa Cecília;BARREIRO;POINT (600867.16 7788405.55)
1982201;CRECHE COMUNITÁRIA PINGO DE GENTE;Creches Conveniadas;31257648;AVENIDA;SENADOR LEVINDO COELHO;600;;Tirol;BARREIRO;POINT (600954.56 7788971.88)
1981894;CRECHE ESCOLA INFANTIL SÃO VICENTE DE PAULO;Creches Conveniadas;31257630;RUA;EURITA;461;;Santa Tereza;LESTE;POINT (613191.56 7797340.68)
1982087;CRECHE CENTRO INFANTIL VOVÓ GERALDA LUCAS;Creches Conveniadas;31282456;RUA;PACO DA LIBERDADE;120;;Conjunto Paulo VI;NORDESTE;POINT (616419.68 7806750.32)
1981775;CRECHE DONA QUITA TOLENTINO;Creches Conveniadas;31257575;RUA;BELA VISTA;54;;Santana do Cafezal;CENTRO-SUL;POINT (613931.73 7795189.44)
1981797;ASSOCIAÇÃO DA ESCOLINHA INFANTIL PEDACINHO DO CÉU;Creches Conveniadas;31330787;RUA;BELA VISTA;31;;Santana do Cafezal;CENTRO-SUL;POINT (613919.75 7795169.66)
1983078;EMEI ZILAH SPÓSITO;EMEIS;31357839;RUA;COQUILHO;75;;Jaqueline;NORTE;POINT (612243.50 7809785.55)
1981967;ESCOLA MUNICIPAL PROFESSOR DANIEL ALVARENGA;Municipal;31294632;RUA;COQUILHO;155;;Jaqueline;NORTE;POINT (612181.22 7809914.72)
1983099;EMEI LUXEMBURGO;EMEIS;31357430;RUA;ACESSO BLOCO UM;200;;Conjunto Santa Maria;CENTRO-SUL;POINT (608951.13 7793482.35)
1981794;CRECHE RECANTO DO MENOR;Creches Conveniadas;31290220;BECO;COQUEIROS;35;;Monte São José;CENTRO-SUL;POINT (609656.73 7794502.43)
1983404;INSTITUTO  EDUCACIONAL INFANTIL GERAÇÃO DE SAMUEL;Creches Conveniadas;31373176;RUA;GASTAO DA COSTA PINHEIRO;107;;Jardim Guanabara;NORTE;POINT (611274.51 7807152.20)
1982071;CRECHE ETELVINA CAETANO DE JESUS;Creches Conveniadas;31290025;RUA;OSCAR LOBO PEREIRA;115;;Primeiro de Maio;NORTE;POINT (612286.70 7803357.77)
1983169;EMEI PIRATININGA;EMEIS;31365408;RUA;ALTINOPOLIS;585;;Piratininga;VENDA NOVA;POINT (605779.92 7809475.65)
1983243;CRECHE MARIA EURIPEDES DA SILVA;Creches Conveniadas;31372781;RUA;MARIA ROSA DA SILVA;1074;;Mantiqueira;VENDA NOVA;POINT (606696.67 7811902.83)
1982055;CRECHE NOSSA SENHORA DO PERPÉTUO SOCORRO;Creches Conveniadas;31282502;RUA;FRANCISCO SERRAO;45;;Taquaril;LESTE;POINT (616900.91 7797343.06)
1983121;EMEI MÍRIAM BRANDÃO;EMEIS;31231959;RUA;JOAO BATISTA FERNANDES;75;;Serra Verde;VENDA NOVA;POINT (609270.28 7810427.94)
1983183;EMEI BAIRRO DAS INDÚSTRIAS;EMEIS;31361780;RUA;IRMA MARIA PAULA;254;;Bairro das Indústrias I;BARREIRO;POINT (604571.33 7791987.22)
1982038;ESCOLA MUNICIPAL VINICIUS DE MORAES;Municipal;31217841;RUA;SEBASTIAO MOREIRA;409;;Tirol;BARREIRO;POINT (600523.01 7789336.59)
1983185;EMEI CARDOSO;EMEIS;31357332;RUA;SOLIDARIEDADE;477;;Flávio de Oliveira;BARREIRO;POINT (604318.98 7788070.92)
1982190;CRECHE ABRIGO CORAÇÃO DE JESUS;Creches Conveniadas;31281522;RUA;CYRILLO BASTOS;15;;Lindéia;BARREIRO;POINT (599247.58 7790299.32)
1982513;INSTITUTO EDUCACIONAL ESCUDO DA VERDADE;Creches Conveniadas;31369012;RUA;EDITH MELLO SILVA;176;;Vila Vista Alegre;OESTE;POINT (605389.58 7793425.07)
1981964;ESCOLA MUNICIPAL JOSE DE CALASANZ;Municipal;31305499;RUA;SEBASTIAO SANTANA FILHO;111;;Ipê;NORDESTE;POINT (614638.12 7802277.42)
1981871;ESCOLA MUNICIPAL DORA TOMICH LAENDER;Municipal;31003590;RUA;JULITA NUNES LIMA;53;;Conjunto Minascaixa;VENDA NOVA;POINT (608992.63 7809630.68)
1983170;EMEI NOVA IORQUE;EMEIS;31361860;RUA;EDIVALDO JARDIM;400;;Jardim dos Comerciários;VENDA NOVA;POINT (608523.38 7811010.14)
1982061;CENTRO INFANTIL PUPILEIRA ERNANI AGRÍCOLA;Creches Conveniadas;31289884;RUA;SAO JOAQUIM;1177;;Sagrada Família;LESTE;POINT (613502.10 7799353.76)
1982044;ESCOLA MUNICIPAL FRANCISCA DE PAULA;Municipal;31002704;RUA;JULIO DE CASTILHO;330;;Cinquentenário;OESTE;POINT (606395.15 7792873.58)
1982192;CRECHE COMUNITÁRIA BOM MENINO;Creches Conveniadas;31257966;RUA;COLETORA DOIS;106;;Castanheira;BARREIRO;POINT (601168.27 7788832.31)
1983382;CRECHE BEM VIVER;Creches Conveniadas;31377210;RUA;ITAPETINGA;2198;;Santa Cruz;NORDESTE;POINT (610189.83 7801324.66)
1981841;CRECHE ESPERANÇA;Creches Conveniadas;31308765;RUA;NOVA PONTE;11;;Salgado Filho;OESTE;POINT (606173.80 7794326.34)
1982152;CRECHE ABRIGO INFANTIL VOVÓ DUDU;Creches Conveniadas;31290343;RUA;PERDOES;339;;Padre Eustáquio;NOROESTE;POINT (607799.21 7797685.62)
1983083;EMEI VILA ESTRELA;EMEIS;31362131;RUA;PRIMAVERA;60;;Santo Antônio;CENTRO-SUL;POINT (610583.30 7794570.42)
1983102;EMEI SABINÓPOLIS;EMEIS;31357707;RUA;SABINOPOLIS;120;;Carlos Prates;NOROESTE;POINT (608822.02 7798046.73)
1981742;ESCOLA MUNICIPAL SENADOR LEVINDO COELHO;Municipal;31003417;RUA;CARACA;850;;Mangabeiras;CENTRO-SUL;POINT (613552.96 7794370.28)
1981774;CRECHE COMUNITÁRIA TERRA NOVA;Creches Conveniadas;31290327;RUA;DOS CARVALHOS;124;;Acaba Mundo;CENTRO-SUL;POINT (612012.04 7792403.11)
1981772;CRECHE CENTRO INFANTIL SAGRADO CORAÇÃO DE JESUS;Creches Conveniadas;31290556;RUA;CORONEL FULGENCIO;205;;São Lucas;CENTRO-SUL;POINT (613215.15 7796108.79)
1982043;ESCOLA MUNICIPAL PADRE HENRIQUE BRANDAO;Municipal;31002895;RUA;CRISPIM JAQUES;987;;Vista Alegre;OESTE;POINT (604589.46 7793047.20)
1983188;EMEI SARANDI;EMEIS;31362174;RUA;DEPUTADO AUGUSTO GONCALVES;150;;Serrano;PAMPULHA;POINT (603249.26 7802059.39)
1982199;CRECHE COMUNITÁRIA MARIA CHIQUINHA;Creches Conveniadas;31289914;RUA;DOUTOR RIBEIRO PENA;380;;Bairro das Indústrias I;BARREIRO;POINT (603464.76 7792707.23)
1983119;EMEI SOLIMÕES;EMEIS;31361879;RUA;WALDEMAR CANDIDO RODRIGUES;244;;Jardim Felicidade;NORTE;POINT (612110.50 7807677.60)
1982062;CENTRO INFANTIL BERENICE CATÃO DE MAGALHÃES PINTO;Creches Conveniadas;31299707;RUA;SAO ROQUE;1150;;Sagrada Família;LESTE;POINT (613135.75 7799333.87)
1982176;ESCOLA MUNICIPAL VICENTE GUIMARAES;Municipal;31003816;RUA;IZAURA PEREIRA ALMEIDA;110;;Letícia;VENDA NOVA;POINT (606872.70 7809292.70)
1983123;EMEI JARDIM VITÓRIA III;EMEIS;31361917;RUA;BERENICE RIBEIRO DE MIRANDA;240;;Jardim Vitória;NORDESTE;POINT (617245.51 7805781.85)
1982154;CRECHE COMUNITÁRIA LAR INFANTIL DORCAS;Creches Conveniadas;31282481;RUA;MARCAZITA;350;;Aparecida;NOROESTE;POINT (609961.22 7799433.55)
1981818;ESCOLA MUNICIPAL SANTOS DUMONT;Municipal;31003387;AVENIDA;MEM DE SA;600;;Santa Efigênia;LESTE;POINT (613904.37 7796739.16)
1981780;CRECHE VICENTINA DO SANTÍSSIMO SACRAMENTO;Creches Conveniadas;31281395;RUA;SALUTARES;200;;São Lucas;CENTRO-SUL;POINT (613242.27 7795592.34)
1981746;ESCOLA MUNICIPAL ANTONIO ALEIXO;Municipal;31003301;AVENIDA;OLINTO MEIRELES;250;;Barreiro;BARREIRO;POINT (603178.85 7791147.49)
1982211;CRECHE TIA CANDINHA;Creches Conveniadas;31006645;RUA;JOAO BATISTA DE ASSIS;209;;Tirol;BARREIRO;POINT (600905.51 7789302.74)
1981740;ESCOLA MUNICIPAL HUGO WERNECK;Municipal;31002887;RUA;OSCAR TROMPOWSKY;1372;;Grajaú;OESTE;POINT (608495.52 7794520.65)
1982142;ESCOLA MUNICIPAL JOAO PINHEIRO;Municipal;31002984;RUA;PADRE MANOEL BERNARDES;303;;Oeste;NOROESTE;POINT (604657.01 7795561.21)
1983135;EMEI JARDIM LEBLON;EMEIS;31358037;RUA;PEDRINOPOLIS;395;;Jardim Leblon;VENDA NOVA;POINT (605879.82 7807043.25)
1981788;ESCOLA MUNICIPAL PROFESSOR MARIO WERNECK;Municipal;31003182;RUA;ABATI;38;;Santa Maria;OESTE;POINT (603247.72 7795267.73)
1982128;ESCOLA MUNICIPAL FRANCISCO BRESSANE DE AZEVEDO;Municipal;31002747;RUA;AIURUOCA;501;;São Paulo;NORDESTE;POINT (612593.34 7802967.36)
1981854;CRECHE VÓ ANGELINA;Creches Conveniadas;31308790;RUA;ALVES PINTO;66;;Grajaú;OESTE;POINT (608292.14 7795092.13)
1981950;CRECHE FRANCISCO DE ASSIS;Creches Conveniadas;31281875;RUA;ANTONIO OLINTO;825;;Esplanada;LESTE;POINT (614189.38 7798294.92)
1983094;EMEI SANTA BRANCA;EMEIS;31362107;RUA;CAMPISTA;70;;Santa Mônica;PAMPULHA;POINT (608064.95 7806835.10)
1981738;ESCOLA MUNICIPAL MESTRE PARANHOS;Municipal;31003221;RUA;ALCIDA TORRES;25;;Conjunto Santa Maria;CENTRO-SUL;POINT (608865.24 7793531.74)
1982076;INSTITUTO ZILAH SPÓSITO PARA O DESENVOLVIMENTO HUMANO E SOCIAL;Creches Conveniadas;31281565;RUA;CARNAUBA;928;;Zilah Spósito;NORTE;POINT (612821.14 7810177.92)
1981814;ESCOLA MUNICIPAL JOSE MARIA ALKMIM;Municipal;31003565;RUA;BENIGNO FAGUNDES DA SILVA;33;;Serra Verde;VENDA NOVA;POINT (609529.67 7810521.76)
1983061;EMEI PROFESSOR CHRISTOVAM COLOMBO DOS SANTOS;EMEIS;31002755;RUA;VEREADOR NELSON CUNHA;137;;Estoril;OESTE;POINT (607771.02 7793008.37)
1981759;ESCOLA MUNICIPAL FRANCISCO CAMPOS;Municipal;31003638;RUA;HERALDO BELISARIO;190;;Tupi A;NORTE;POINT (612838.74 7806473.50)
1981912;ESCOLA MUNICIPAL CARLOS GOIS;Municipal;31003191;RUA;MENDES DE OLIVEIRA;446;;Santo André;NOROESTE;POINT (609695.20 7798967.58)
1982980;CRECHE LAR CRISTAO DA CRIANCA - UNIDADE II;Creches Conveniadas;31372820;RUA;PONTA GROSSA;863;;Milionários;BARREIRO;POINT (604735.00 7790296.00)
1981750;ESCOLA MUNICIPAL SEBASTIAO GUILHERME DE OLIVEIRA;Municipal;31003409;RUA;CALENDULA;10;;Olaria;BARREIRO;POINT (601490.94 7789388.11)
1982195;CRECHE COMUNITÁRIA DO BAIRRO OLARIA CANTINHO DO AMOR;Creches Conveniadas;31282944;RUA;MARANTA;315;;Olaria;BARREIRO;POINT (601446.01 7789364.80)
1983401;ESCUDINHO BABY 02;Creches Conveniadas;31378038;RUA;DOUTOR CRISTIANO REZENDE;2079;;Flávio Marques Lisboa;BARREIRO;POINT (605491.22 7789428.12)
1981786;ESCOLA MUNICIPAL HELIO PELLEGRINO;Municipal;31247308;RUA;GUILHERME SOARES;255;;Aarão Reis;NORTE;POINT (612579.29 7805300.78)
1983155;EMEI SÃO GABRIEL;EMEIS;31357600;RUA;SAO JOAO DA SERRA;140;;São Gabriel;NORDESTE;POINT (613721.65 7804416.33)
1983074;EMEI MANACÁS;EMEIS;31362077;RUA;FRANCISCA SANTOS ANASTASIA;860;;Paquetá;PAMPULHA;POINT (605625.83 7800227.51)
1981913;ESCOLA MUNICIPAL HONORINA DE BARROS;Municipal;31002828;PRACA;PROFESSOR CORREA NETO;200;;São Cristóvão;NOROESTE;POINT (610289.90 7798954.50)
1981755;ESCOLA MUNICIPAL CONEGO SEQUEIRA;Municipal;31003255;RUA;FLOR CHUVA DE PRATA;40;;Mineirão;BARREIRO;POINT (601514.71 7785664.53)
1981930;ESCOLA MUNICIPAL SAO RAFAEL;Municipal;31003395;RUA;CORONEL OTAVIO DINIZ;31;;Pompéia;LESTE;POINT (614441.84 7797691.20)
1981951;CRECHE GRAZIA BARRECA CASTAGNA;Creches Conveniadas;31289612;RUA;CORONEL OTAVIO DINIZ;14;;Vila São Rafael;LESTE;POINT (614385.96 7797665.90)
1981799;CENTRO DE EDUCAÇÃO INFANTIL ZÉLIA ALEIXO;Creches Conveniadas;31355976;AVENIDA;BERNARDO MONTEIRO;390;;Santa Efigênia;CENTRO-SUL;POINT (612284.58 7796843.93)
1983158;EMEI CAPITÃO EDUARDO;EMEIS;31357626;RUA;DOS MENSAGEIROS;95;;Conjunto Capitão Eduardo;NORDESTE;POINT (618354.26 7806949.63)
1982520;CENTRO INFANTIL SÃO FRANCISCO DE ASSIS;Creches Conveniadas;31282499;AVENIDA;EXPEDICIONARIO BENVINDO BELEM DE LIMA;730;;São Luíz;PAMPULHA;POINT (606940.26 7802663.40)
1981789;ESCOLA MUNICIPAL DOM ORIONE;Municipal;31003336;AVENIDA;EXPEDICIONARIO BENVINDO BELEM DE LIMA;900;;São Luíz;PAMPULHA;POINT (606911.48 7802825.42)
1982185;CENTRO PEDAGÓGICO VINHA DE LUZ;Creches Conveniadas;31315044;RUA;REIS DE ABREU;110;;Aparecida Sétima Seção;NOROESTE;POINT (608423.11 7800438.49)
1983047;EMEI CARLOS PRATES;EMEIS;31357693;AVENIDA;NOSSA SENHORA DE FATIMA;2283;;Carlos Prates;NOROESTE;POINT (609656.76 7797611.42)
1983046;EMEI JATOBÁ IV;EMEIS;31357294;AVENIDA;AGENOR NONATO DE SOUZA;8;;Vale do Jatobá;BARREIRO;POINT (600809.93 7787716.77)
1982208;CRECHE COMUNITÁRIA TIA FRANCISCA;Creches Conveniadas;31257524;RUA;PAULO DUARTE;320;;Santa Cecília;BARREIRO;POINT (601211.90 7788280.55)
1983093;EMEI PACAJÁ;EMEIS;31362115;RUA;CACHOEIRINHA;915;;Santa Cruz;NORDESTE;POINT (610358.79 7801288.65)
1983107;EMEI SILVA LOBO;EMEIS;31357901;AVENIDA;SILVA LOBO;2250;;Nova Granada;OESTE;POINT (608369.51 7794492.17)
1982122;ESCOLA MUNICIPAL MOYSES KALIL;Municipal;31003671;RUA;AFONSO PEREIRA DA SILVA;10;;Mantiqueira;VENDA NOVA;POINT (606638.24 7811462.34)
1981784;ESCOLA MUNICIPAL DE ENSINO ESPECIAL FREI LEOPOLDO;Municipal;31231967;RUA;CLOVIS CYRILO LIMONGE;141;;Salgado Filho;OESTE;POINT (606840.79 7793656.54)
1982045;ESCOLA MUNICIPAL SALGADO FILHO;Municipal;31002712;RUA;CLOVIS CYRILO LIMONGE;151;;Salgado Filho;OESTE;POINT (606879.25 7793676.81)
1983087;EMEI URCA CONFISCO;EMEIS;31362220;RUA;EXPEDICIONARIO PAULO DE SOUZA;701;;Confisco;PAMPULHA;POINT (603055.04 7802861.68)
1981856;ESCOLA MUNICIPAL PROFESSORA ALICE NACIF;Municipal;31003131;RUA;EXPEDICIONARIO PAULO DE SOUZA;721;;Confisco;PAMPULHA;POINT (603038.02 7802918.14)
1983088;EMEI NAVEGANTES;EMEIS;31361747;RUA;RADIALISTA JOSE JUNQUILHO;32;;Céu Azul;VENDA NOVA;POINT (604269.91 7807653.27)
1981730;ESCOLA MUNICIPAL PROFESSORA ONDINA NOBRE;Municipal;31003727;RUA;RADIALISTA JOSE JUNQUILHO;100;;Céu Azul;VENDA NOVA;POINT (604287.22 7807572.28)
1981782;GRUPO DE AMIGOS DA CRIANÇA;Creches Conveniadas;31290289;BECO;APARECIDA;25;;Vila Barragem Santa Lúcia;CENTRO-SUL;POINT (610588.38 7793067.29)
1981733;ESCOLA MUNICIPAL PREFEITO AMINTHAS DE BARROS;Municipal;31003018;RUA;SAN SALVADOR;100;;Havaí;OESTE;POINT (607817.05 7792246.53)
1982072;CRECHE SANTA MARIA MADALENA;Creches Conveniadas;31290149;RUA;JORGE FRANCISCO DOS SANTOS;11;;Vila Primeiro de Maio;NORTE;POINT (611855.02 7803328.62)
1981798;CRECHE SÃO FRANCISCO DE ASSIS;Creches Conveniadas;31290262;RUA;NOSSA SENHORA DE FATIMA;1175;;Nossa Senhora de Fátima;CENTRO-SUL;POINT (614490.18 7794994.84)
1982169;ESCOLA MUNICIPAL PROFESSOR EDSON PISANI;Municipal;31212784;RUA;NOSSA SENHORA DE FATIMA;1015;;Nossa Senhora de Fátima;CENTRO-SUL;POINT (614294.53 7795007.04)
1982151;ESCOLA MUNICIPAL MARLENE PEREIRA RANCANTE;Municipal;31217794;RUA;DOS COMERCIANTES;38;;Alípio de Melo;PAMPULHA;POINT (604501.13 7799641.10)
1983181;EMEI XODÓ MARIZE;EMEIS;31362239;RUA;HUMBERTO LAVALLE;91;;Xodó-Marize;NORTE;POINT (611129.49 7808003.92)
1981795;NOSSO ABRIGO LACTÁRIO CLÁUDIA MARIA ROCHA BRANT;Creches Conveniadas;31309117;RUA;ARTUR JOVIANO;26;;Cruzeiro;CENTRO-SUL;POINT (612528.64 7794140.77)
1981754;ESCOLA MUNICIPAL JONAS BARCELLOS CORREA;Municipal;31003000;RUA;PROFESSORA DIRCE MARIA;240;;Petrópolis;BARREIRO;POINT (601474.88 7786509.06)
1982541;CICEC - CENTRO INFANTIL COMUNITÁRIO DE EDUCAÇÃO CRIARTE;Creches Conveniadas;31308781;RUA;CLELIA;231;;Rio Branco;VENDA NOVA;POINT (606818.51 7807882.87)
1981763;INSTITUTO EDUCACIONAL CAMINHAR;Creches Conveniadas;31362859;RUA;CARLOS PINTO COELHO;33;;Vale do Jatobá;BARREIRO;POINT (600924.22 7787557.98)
1983173;EMEI CURUMINS;EMEIS;31357812;RUA;CECILIA TRINDADE SILVA;95;;Jardim Felicidade;NORTE;POINT (612265.60 7806939.94)
1981865;ESCOLA MUNICIPAL RUI DA COSTA VAL;Municipal;31233366;RUA;CECILIA TRINDADE SILVA;221;;Jardim Felicidade;NORTE;POINT (612248.24 7807009.75)
1982121;ESCOLA MUNICIPAL JOAQUIM DOS SANTOS;Municipal;31003506;RUA;ANTONIO JOSE DOS SANTOS;300;;Céu Azul;VENDA NOVA;POINT (605153.88 7807529.94)
1982102;ABRIGO JESUS;Creches Conveniadas;31282031;RUA;COSTA SENNA;921;;Padre Eustáquio;NOROESTE;POINT (606884.73 7797564.13)
1981975;ESCOLA MUNICIPAL DOUTOR JOSE XAVIER NOGUEIRA;Municipal;31330850;RUA;NAVARRA;100;;Europa;VENDA NOVA;POINT (608639.30 7810017.18)
1981707;ESCOLA MUNICIPAL SERGIO MIRANDA;Municipal;31353752;RUA;MINISTRO OSVALDO ARANHA;345;;Granja Werneck;NORTE;POINT (613748.40 7806850.62)
1983342;EMEI LAJEDO;EMEIS;31361950;RUA;PINTOR RUGENDAS;7;;Lajedo;NORTE;POINT (613829.75 7806518.15)
1983066;EMEI SÃO JOÃO;EMEIS;31357472;RUA;SAO JOAO;355;;Nossa Senhora de Fátima;CENTRO-SUL;POINT (614687.27 7795221.65)
1981844;CRECHE SONHO REALIZADO;Creches Conveniadas;31281417;RUA;SANTO INACIO;185;;Cabana do Pai Tomás;OESTE;POINT (604919.01 7793637.97)
1982536;UNIVERSO INFANTIL;Creches Conveniadas;31289841;RUA;VIVEIROS DE CASTRO;161;;Copacabana;VENDA NOVA;POINT (605438.96 7806756.45)
1981868;ESCOLA MUNICIPAL FRANCISCO MAGALHAES GOMES;Municipal;31217891;RUA;DOS MAMOEIROS;98;;Vila Clóris;NORTE;POINT (609987.89 7807950.98)
1982510;CRECHE COMUNITÁRIA NOSSA SENHORA DO CARMO;Creches Conveniadas;31282227;RUA;CORONEL CAMISAO;167;;Oeste;OESTE;POINT (604380.20 7795104.16)
1982247;ESCOLA MUNICIPAL PROFESSORA MARIA MODESTA CRAVO;Municipal;31003280;RUA;DOUTOR JULIO OTAVIANO FERREIRA;1085;;Cidade Nova;NORDESTE;POINT (612971.74 7800310.41)
1981965;ESCOLA MUNICIPAL PROFESSOR PAULO FREIRE;Municipal;31305481;RUA;PAULO CAMPOS MENDES;311;;Capitão Eduardo;NORDESTE;POINT (615706.73 7807061.96)
1981952;ESCOLA MUNICIPAL ARMANDO ZILLER;Municipal;31232009;RUA;GERALDO ILIDIO TEIXEIRA;283;;Mantiqueira;VENDA NOVA;POINT (606470.94 7811954.98)
1983114;EMEI OURO PRETO;EMEIS;31362069;RUA;GERALDINA CANDIDA DE JESUS;90;;Ouro Preto;PAMPULHA;POINT (605945.17 7801842.06)
1981771;CENTRO EDUCACIONAL PROFESSOR ESTEVÃO PINTO - CEPEP;Creches Conveniadas;31290254;RUA;DONA CECILIA;340;;Serra;CENTRO-SUL;POINT (612866.69 7794965.68)
1983161;EMEI SANTA ISABEL;EMEIS;31357499;RUA;DOUTOR ARGEMIRO RESENDE COSTA;380;;Vila Novo São Lucas;CENTRO-SUL;POINT (613998.12 7795614.31)
1983103;EMEI TIROL;EMEIS;31361941;PRACA;MARIETA PULQUERIA DE JESUS;20;;Tirol;BARREIRO;POINT (600933.32 7788837.98)
1982178;ESCOLA MUNICIPAL DEPUTADO RENATO AZEREDO;Municipal;31003760;RUA;AGUA;240;;Maria Helena;VENDA NOVA;POINT (605554.67 7810706.21)
1981710;ESCOLA MUNICIPAL PRESIDENTE ITAMAR FRANCO;Municipal;31353760;AVENIDA;PERIMETRAL;2911;;Petrópolis;BARREIRO;POINT (601821.76 7786862.70)
1981767;CENTRO DE EDUCAÇÃO INFANTIL SANTA CLARA - CESCLAR;Creches Conveniadas;31281484;AVENIDA;PERIMETRAL;1301;;Vila Pinho;BARREIRO;POINT (602097.44 7787731.39)
1983150;EMEI RIBEIRO DE ABREU;EMEIS;31357642;RUA;DIANOPOLIS;170;;Ribeiro de Abreu;NORDESTE;POINT (615068.23 7806121.21)
1983053;EMEI ÁGUAS CLARAS;EMEIS;31357367;RUA;CLEMENTE BORGES DOS SANTOS;150;;Águas Claras;BARREIRO;POINT (602221.72 7786966.75)
1981736;ESCOLA MUNICIPAL SANTO ANTONIO;Municipal;31217808;RUA;CARANGOLA;288;;Santo Antônio;CENTRO-SUL;POINT (610681.49 7794660.88)
1981877;ESCOLA MUNICIPAL PAULO MENDES CAMPOS;Municipal;31223689;RUA;CARANGOLA;288;;Santo Antônio;CENTRO-SUL;POINT (610681.49 7794660.88)
1982046;ESCOLA MUNICIPAL CAIO LIBANO SOARES;Municipal;31223697;RUA;CARANGOLA;288;;Santo Antônio;CENTRO-SUL;POINT (610681.49 7794660.88)
1982960;INSTITUTO EDUCACIONAL TREM DA ALEGRIA;Creches Conveniadas;31356034;AVENIDA;ALTAMIRO AVELINO SOARES;1166;;Castelo;PAMPULHA;POINT (604280.39 7801596.35)
1982219;ESCOLA MUNICIPAL CONSUL ANTONIO CADAR;Municipal;31003531;RUA;PARNAIBA;21;;Minaslândia;NORTE;POINT (612341.41 7804677.41)
1982193;CRECHE COMUNITÁRIA DA VILA CEMIG;Creches Conveniadas;31281328;RUA;COLETIVO;56;;Vila CEMIG;BARREIRO;POINT (605383.99 7788481.36)
1981869;ESCOLA MUNICIPAL PROFESSOR TABAJARA PEDROSO;Municipal;31206521;RUA;GERALDO ANUNCIACAO;45;;Rio Branco;VENDA NOVA;POINT (606978.15 7809001.86)
1981838;CRECHE FREI EUZÉBIO;Creches Conveniadas;31308854;RUA;INDUSTRIAL JOSE COSTA;745;;Nova Granada;OESTE;POINT (608006.38 7794370.50)
1982194;CRECHE COMUNITÁRIA DA VILA PIRATININGA;Creches Conveniadas;31284432;RUA;VINHEDO;636;;Itaipu;BARREIRO;POINT (599229.70 7789463.54)
1982507;CENTRO INFANTIL GUIOMAR SCHMIDT SANCHES;Creches Conveniadas;31299731;RUA;GASTAO BRAULIO DOS SANTOS;801;;Nova Gameleira;OESTE;POINT (604958.09 7794940.92)
1982101;INSTITUTO EDUCACIONAL COMUNITÁRIO RECOMEÇAR;Creches Conveniadas;31356441;RUA;OTAVIO BERNARDES;83;;Jardim Vitória;NORDESTE;POINT (617512.28 7804430.17)
1983069;EMEI DIAMANTE;EMEIS;31361798;RUA;AZARIAS DUARTE;180;;Diamante;BARREIRO;POINT (602584.51 7788570.55)
1983481;ESCOLA MUNICIPAL CARLOS DRUMMOND DE ANDRADE;Municipal;31247294;RUA;DAS PEDRINHAS;76;;São João Batista;VENDA NOVA;POINT (609539.47 7807882.19)
1981815;ESCOLA MUNICIPAL PROFESSOR PEDRO GUERRA;Municipal;31003751;RUA;JOAO FERREIRA DA SILVA;230;;Mantiqueira;VENDA NOVA;POINT (605990.55 7810119.87)
1981819;ESCOLA MUNICIPAL MARIA DAS NEVES;Municipal;31003140;RUA;PIRANGA;39;;São Lucas;CENTRO-SUL;POINT (613040.92 7796120.60)
1981785;ESCOLA MUNICIPAL PADRE MARZANO MATIAS;Municipal;31294641;RUA;ERICO VERISSIMO;1280;;Rio Branco;VENDA NOVA;POINT (607384.42 7808644.74)
1982212;INSTITUTO ESPIRITA EURIPEDES;Creches Conveniadas;31281972;RUA;TABOAO DA SERRA;235;;Itaipu;BARREIRO;POINT (599399.51 7788800.34)
1982082;CRECHE DORA RIBEIRO;Creches Conveniadas;31290017;RUA;BERTOPOLIS;449;;Conjunto Providência;NORTE;POINT (612491.86 7804371.15)
1982709;MUNDO CRIANÇA;Creches Conveniadas;31379808;RUA;PORTO SEGURO;505;;Nova Vista;LESTE;POINT (614912.63 7800684.97)
1983159;EMEI COQUEIRO VERDE;EMEIS;31357618;RUA;DAS ALMAS;1200;;Conjunto Paulo VI;NORDESTE;POINT (617095.00 7806542.40)
1982034;ESCOLA MUNICIPAL SOBRAL PINTO;Municipal;31219550;RUA;DAS ALMAS;1120;;Conjunto Paulo VI;NORDESTE;POINT (616955.37 7806622.91)
1981858;ESCOLA MUNICIPAL GOVERNADOR OZANAM COELHO;Municipal;31224111;RUA;ANGELA BENAREGES;166;;Conjunto Capitão Eduardo;NORDESTE;POINT (618552.31 7806911.52)
1981808;ESCOLA MUNICIPAL ANTONIA FERREIRA;Municipal;31003476;RUA;JOAO GUALBERTO DE ABREU;10;;São João Batista;VENDA NOVA;POINT (608664.27 7808237.86)
1982986;CRECHE VIRGILIO PEDRO DE  ALMEIDA;Creches Conveniadas;31290068;RUA;QUARENTA E TRES;43;;Novo Aarão Reis;NORTE;POINT (614265.25 7805900.72)
1982529;CENTRO DE EDUCAÇÃO INFANTIL PROFESSORA MARIA LÚCIA HANNAS;Creches Conveniadas;31356417;RUA;QUITO;53;;Trevo;PAMPULHA;POINT (603659.48 7805868.51)
1981729;ESCOLA MUNICIPAL PROFESSORA ALCIDA TORRES;Municipal;31003093;RUA;ALVARO FERNANDES;144;;Taquaril;LESTE;POINT (616777.94 7797380.05)
1981874;ESCOLA MUNICIPAL PEDRO NAVA;Municipal;31231975;RUA;SAO PEDRO DA ALDEIA;445;;Serra do Curral;BARREIRO;POINT (608100.64 7788238.32)
1982065;CRECHE CASINHA DOS ANJOS;Creches Conveniadas;31290041;RUA;JOSEFINA GUIMARAES VIEIRA;845;;Jardim Felicidade;NORTE;POINT (612653.69 7807390.44)
1983138;EMEI JULIANA;EMEIS;31357790;RUA;DA GALERIA;1130;;Juliana;NORTE;POINT (610741.87 7808416.88)
1981800;CENTRO INFANTIL CAMINHO DO CÉU;Creches Conveniadas;31289876;RUA;ALAIR PEREIRA DA SILVA;205;;Conjunto Taquaril;LESTE;POINT (617159.73 7797026.24)
1983177;EMEI GOIÂNIA;EMEIS;31361810;RUA;JOSE ARCANJO SANTIAGO;300;;Goiânia;NORDESTE;POINT (615320.57 7802223.65)
1982125;ESCOLA MUNICIPAL PREFEITO SOUZA LIMA;Municipal;31003051;RUA;DOS PARAGUAIOS;97;;Jardim Vitória;NORDESTE;POINT (616892.61 7804215.11)
1981835;CASA DA CRIANÇA SANTO ANTÔNIO;Creches Conveniadas;31365297;RUA;DAS VIOLAS;605;;Vila Califórnia;NOROESTE;POINT (603783.20 7797030.71)
1983168;EMEI CASTELO DE CRATO;EMEIS;31365564;RUA;CASTELO DE CRATO;101;;Castelo;PAMPULHA;POINT (605249.96 7801724.75)
1983157;EMEI CAC HAVAI;EMEIS;31357871;AVENIDA;COSTA DO MARFIM;480;;Havaí;OESTE;POINT (607687.04 7792229.58)
1981957;ESCOLA MUNICIPAL PROFESSOR EDGAR DA MATTA MACHADO;Municipal;31283002;RUA;PENALVA;201;;Dom Silvério;NORDESTE;POINT (614667.71 7804308.73)
1981768;INSTITUTO TIA LÚCIA;Creches Conveniadas;31355941;RUA;JERIBA;188;;Olaria;BARREIRO;POINT (601796.37 7789389.45)
1983065;EMEI ELOS;EMEIS;31002607;RUA;MANOEL ALEXANDRINO;440;;São Paulo;NORDESTE;POINT (612579.28 7802915.06)
1982542;LAR-ESCOLA TEREZINHA DELAMARE;Creches Conveniadas;31308757;RUA;WENCESLAU BRAZ;107;;Copacabana;VENDA NOVA;POINT (606268.75 7806945.02)
1981735;ESCOLA MUNICIPAL GRACY VIANNA LAGE;Municipal;31003468;RUA;JOAO SOARES LEAL;23;;Jardim dos Comerciários;VENDA NOVA;POINT (607727.36 7811514.56)
1983180;EMEI COQUEIROS;EMEIS;31361771;RUA;ENEIDA;1465;;Coqueiros;NOROESTE;POINT (602449.66 7799423.64)
1982255;ESCOLA MUNICIPAL PADRE EDEIMAR MASSOTE;Municipal;31002810;RUA;ENEIDA;1485;;Coqueiros;NOROESTE;POINT (602400.39 7799466.74)
1983163;EMEI MARIQUINHAS;EMEIS;31357847;RUA;ACALIFA;209;;Mariquinhas;NORTE;POINT (611043.19 7808953.07)
1983167;EMEI UNIVERSITÁRIO;EMEIS;31362123;RUA;ARISTOTELES RIBEIRO VASCONCELOS;40;;Santa Rosa;PAMPULHA;POINT (610744.77 7803064.46)
1983104;EMEI NOVA ESPERANÇA;EMEIS;31357677;AVENIDA;AMERICO VESPUCIO;1998;;Caiçaras;NOROESTE;POINT (608646.87 7799285.19)
1981901;ESCOLA MUNICIPAL ARTHUR GUIMARAES;Municipal;31003034;AVENIDA;AMERICO VESPUCIO;1610;;Nova Esperança;NOROESTE;POINT (608695.12 7799457.25)
1983384;CRECHE DONA QUITA TOLENTINO - UNIDADE II;Creches Conveniadas;31378054;AVENIDA;AMERICO VESPUCIO;1580;;Nova Esperança;NOROESTE;POINT (608710.58 7799501.91)
1981963;ESCOLA MUNICIPAL HERBERT JOSE DE SOUZA;Municipal;31312622;AVENIDA;DETETIVE EDUARDO FERNANDES;320;;Novo Aarão Reis;NORTE;POINT (614376.66 7805779.99)
1983166;EMEI CALIFÓRNIA II;EMEIS;31366080;RUA;CHRISTINA MARIA ASSIS;550;;Califórnia;NOROESTE;POINT (603012.34 7796244.65)
1982153;CRECHE COMUNITÁRIA EUNICE LANZA;Creches Conveniadas;31289957;BECO;PRINCIPAL;183;;Vila Coqueiral;NOROESTE;POINT (602071.51 7797556.29)
1981766;CRECHE COMUNITÁRIA CRIANÇA FELIZ;Creches Conveniadas;31308471;RUA;QUATORZE;40;;Bernadete;BARREIRO;POINT (606209.42 7789811.28)
1982530;INSTITUTO DE EDUCAÇÃO CRIANÇA FELIZ;Creches Conveniadas;31356867;RUA;FLOR DO NORTE;255;;Jardim Alvorada;PAMPULHA;POINT (605637.36 7799618.04)
1981829;ESCOLA MUNICIPAL IMACO;Municipal;31003441;RUA;GONCALVES DIAS;1180;;Boa Viagem;CENTRO-SUL;POINT (611365.02 7795765.13)
1982081;INSTITUTO CRISTÃO CALVÁRIO - ICC;Creches Conveniadas;31351768;RUA;DOS SALESIANOS;538;;São Bernardo;NORTE;POINT (610275.40 7805521.17)
1983160;EMEI VILA ANTENA;EMEIS;31357910;RUA;FLOR DO ORIENTE;137;;Vila Antena Montanhês;PAMPULHA;POINT (606211.79 7799658.72)
1982092;CRECHE SANTA LUZIA;Creches Conveniadas;31282421;RUA;OZANAM;308;;Ipiranga;NORDESTE;POINT (611687.97 7801171.98)
1982093;CRECHE ODETE VALADARES;Creches Conveniadas;31282375;RUA;OZANAM;732;;Ipiranga;NORDESTE;POINT (611915.92 7800872.70)
1983381;BALÃO AMARELO;Creches Conveniadas;31376167;RUA;BEATRIZ;227;;Rio Branco;VENDA NOVA;POINT (606161.39 7808919.12)
1982070;OBRAS EDUCATIVAS JARDIM FELICIDADE;Creches Conveniadas;31289906;RUA;PROFESSORA GABRIELA VARELA;580;;Jardim Felicidade;NORTE;POINT (611884.45 7806857.81)
1983405;INSTITUTO CRESCER ESTRELA DA MANHÃ;Creches Conveniadas;31377988;RUA;SERRA DO CIPO;90;;Ribeiro de Abreu;NORDESTE;POINT (615259.87 7807477.53)
1983385;CRECHE FRE;Creches Conveniadas;31371793;RUA;DAS GUITARRAS;72;;Conjunto Califórnia I;NOROESTE;POINT (603841.16 7796895.94)
1983343;ESCOLA MUNICIPAL MURILO RUBIAO;Municipal;31217883;RUA;UM;10;;Acaiaca;NORDESTE;POINT (615563.61 7805008.75)
1981791;CRECHE DAS ROSINHAS;Creches Conveniadas;31290301;RUA;POUSO ALTO;215;;São Lucas;CENTRO-SUL;POINT (612810.60 7795625.58)
1981960;ESCOLA MUNICIPAL AURELIO PIRES;Municipal;31003115;RUA;BARRINHA;171;;Indaiá;PAMPULHA;POINT (609692.47 7803101.07)
1983151;EMEI SOL NASCENTE;EMEIS;31357316;RUA;MARIA LETICIA;800;;Milionários;BARREIRO;POINT (605201.13 7790745.39)
1983140;EMEI VILA SÃO VICENTE;EMEIS;31357650;RUA;HUMAITA;1149;;Padre Eustáquio;NOROESTE;POINT (606405.62 7796953.22)
1982145;ESCOLA MUNICIPAL MARIA DA ASSUNCAO DE MARCO;Municipal;31231991;RUA;ANA HORTA;98;;Goiânia;NORDESTE;POINT (614730.12 7803693.05)
1982532;AMBJA II;Creches Conveniadas;31366099;RUA;OSORIO DE MORAIS;53;;Ouro Preto;PAMPULHA;POINT (606341.51 7801294.22)
1982203;ESCOLA MUNICIPAL IGNACIO DE ANDRADE MELO;Municipal;31205699;RUA;VIOLETA DE MELO;1005;;Jardim São José;PAMPULHA;POINT (604899.63 7799215.21)
1982098;CASA ESPÍRITA URBANO;Creches Conveniadas;31308552;RUA;VERA LUCIA PEREIRA;133;;Goiânia;NORDESTE;POINT (615181.34 7802021.55)
1982173;ESCOLA MUNICIPAL HILDA RABELLO MATTA;Municipal;31003484;RUA;JOVENTINA DA ROCHA;72;;Heliópolis;NORTE;POINT (611579.53 7805334.79)
1981816;ESCOLA MUNICIPAL MILTON CAMPOS;Municipal;31003646;RUA;JOVINO RODRIGUES PEGO;195;;Mantiqueira;VENDA NOVA;POINT (606339.05 7810764.58)
1983072;EMEI FLORAMAR;EMEIS;31361801;RUA;JOSE FERREIRA MAGALHAES;87;;Floramar;NORTE;POINT (611707.43 7806402.34)
1982089;CRECHE COMUNITÁRIA SOSSEGO DA MAMÃE;Creches Conveniadas;31282553;RUA;D;185;;Vila Maria;NORDESTE;POINT (616836.59 7804417.12)
1981852;CENTRO INFANTO JUVENIL CRESCER SORRINDO;Creches Conveniadas;31308927;RUA;PEPERI;975;;Nova Granada;OESTE;POINT (608134.15 7794152.13)
1983148;EMEI HELIÓPOLIS;EMEIS;31357804;RUA;DOS BENEDITINOS;220;;Heliópolis;NORTE;POINT (610843.57 7805571.43)
1981867;ESCOLA MUNICIPAL JOSE MARIA DOS MARES GUIA;Municipal;31223654;RUA;DOS BENEDITINOS;180;;Heliópolis;NORTE;POINT (610812.78 7805484.23)
1981810;ESCOLA MUNICIPAL ELISA BUZELIN;Municipal;31003611;RUA;JAIR AFONSO INACIO;277;;Piratininga;VENDA NOVA;POINT (606535.17 7809770.00)
1982191;CRECHE CASINHA DA VOVÓ;Creches Conveniadas;31281492;RUA;CESAR DACORSO FILHO;104;;Vale do Jatobá;BARREIRO;POINT (600821.93 7787225.89)
1982120;ESCOLA MUNICIPAL MINERVINA AUGUSTA;Municipal;31003662;RUA;DAVID CANABARRO;18;;Campo Alegre;NORTE;POINT (610266.07 7807008.33)
1983085;EMEI SOLAR URUCUIA;EMEIS;31357324;RUA;NELSON DE PAULA PIRES;411;;Pongelupe;BARREIRO;POINT (603620.80 7787109.35)
1983133;EMEI ALAÍDE LISBOA;EMEIS;31357979;AVENIDA;PRESIDENTE ANTONIO CARLOS;6627;;Campus UFMG;PAMPULHA;POINT (609242.98 7802765.07)
1982518;CRECHE SEMENTES DO AMANHÃ;Creches Conveniadas;31281981;AVENIDA;PRESIDENTE ANTONIO CARLOS;3800;;São Francisco;PAMPULHA;POINT (609650.07 7801860.78)
1983136;EMEI GAMELEIRA;EMEIS;31357898;AVENIDA;AMAZONAS;5855;;Gameleira;OESTE;POINT (606154.63 7795755.39)
1982523;ASSOCIAÇÃO ASSISTENCIAL SÃO TIAGO;Creches Conveniadas;31303755;RUA;URUCANIA;115;;Jardim São José;PAMPULHA;POINT (605428.80 7798783.39)
1981752;ESCOLA MUNICIPAL PEDRO ALEIXO;Municipal;31002933;AVENIDA;MENELICK DE CARVALHO;255;;Araguaia;BARREIRO;POINT (604398.18 7788874.85)
1982052;CENTRO INFANTIL TRANSFORMAR;Creches Conveniadas;31303704;AVENIDA;SILVIANO BRANDAO;2513;;Horto;LESTE;POINT (613630.42 7798264.52)
1982171;ESCOLA MUNICIPAL ANA ALVES TEIXEIRA;Municipal;31002917;RUA;BARAO DO MONTE ALTO;300;;Cardoso;BARREIRO;POINT (603910.03 7788311.13)
1983127;EMEI PITUCHINHA;EMEIS;31357731;RUA;MARQUES DE LAVRADIO;619;;João Pinheiro;NOROESTE;POINT (604368.36 7796069.52)
1982534;CRECHE BENEDITA HILÍDIA DA SILVA RESENDE;Creches Conveniadas;31290122;RUA;IZALINA FAUSTINA SILVEIRA;115;;Mantiqueira;VENDA NOVA;POINT (606295.25 7810601.69)
1983441;INSTITUTO ONCINHA PINTADA;Creches Conveniadas;31380520;RUA;RAIMUNDA LOPES BARROSO;15;;Floramar;NORTE;POINT (611294.87 7806535.25)
1982985;CRECHE COMUNITARIA CRESCER  COM AMOR;Creches Conveniadas;31308811;BECO;DA PEDREIRA;35;;Cabana do Pai Tomás;OESTE;POINT (605083.18 7793461.06)
1982200;CRECHE COMUNITÁRIA MARIA FLORIPES;Creches Conveniadas;31281301;AVENIDA;FLOR DE SEDA;1188;;Lindéia;BARREIRO;POINT (599742.18 7790370.03)
1982159;ABRIGO DE PAZ;Creches Conveniadas;31229750;RUA;ARTICA;200;;Caiçara-Adelaide;NOROESTE;POINT (607269.75 7798756.82)
1981884;ESCOLA MUNICIPAL PROFESSORA ELEONORA PIERUCCETTI;Municipal;31003247;AVENIDA;BERNARDO DE VASCONCELOS;288;;Cachoeirinha;NORDESTE;POINT (610116.76 7800857.07)
1983165;EMEI MARFIM;EMEIS;31362050;RUA;ASSUMAR;375;;Pindorama;NOROESTE;POINT (602206.18 7798514.41)
1981870;ESCOLA MUNICIPAL ANTONIO GOMES HORTA;Municipal;31003492;RUA;ANTONIO JOSE DE OLIVEIRA;161;;Minascaixa;VENDA NOVA;POINT (609393.16 7808992.84)
1982981;CRECHE SAGRADA FAMILIA;Creches Conveniadas;31372382;AVENIDA;COUNTRY CLUB DE BELO HORIZONTE;469;;Conjunto Taquaril;LESTE;POINT (618121.69 7796707.37)
1983082;EMEI VENDA NOVA;EMEIS;31358010;RUA;DOUTOR ALVARO CAMARGOS;200;;São João Batista;VENDA NOVA;POINT (609559.75 7808131.11)
1981803;CRECHE NOSSA SENHORA DO ROSÁRIO DE POMPÉIA;Creches Conveniadas;31289850;RUA;LEOPOLDO GOMES;382;;Vila São Rafael;LESTE;POINT (614624.20 7797820.85)
1982521;CRECHE EDUCANDÁRIO MEIMEI;Creches Conveniadas;31320773;RUA;JOAO EVANGELISTA;260;;Santa Terezinha;PAMPULHA;POINT (603700.83 7802671.95)
1982533;INSTITUTO BATISTA ITATIAIA;Creches Conveniadas;31367087;RUA;JOAO EVANGELISTA;371;;Santa Terezinha;PAMPULHA;POINT (603780.68 7802772.50)
1981749;ESCOLA MUNICIPAL HELENA ANTIPOFF;Municipal;31002801;RUA;ANTONIO EUSTAQUIO PIAZZA;4020;;Tirol;BARREIRO;POINT (599890.09 7789279.47)
1983086;EMEI SÃO JOÃO BATISTA;EMEIS;31358061;RUA;PROFESSOR AIMORE DUTRA;514;;São João Batista;VENDA NOVA;POINT (608710.47 7807701.43)
1983071;EMEI ALTO VERA CRUZ;EMEIS;31362204;RUA;FOSFORO;75;;Taquaril;LESTE;POINT (616365.59 7797202.60)
1981936;ESCOLA MUNICIPAL GEORGE RICARDO SALUM;Municipal;31002763;RUA;FOSFORO;77;;Taquaril;LESTE;POINT (616411.29 7797136.61)
1983145;EMEI BETINHO;EMEIS;31357855;RUA;TRINTA E NOVE;60;;Novo Aarão Reis;NORTE;POINT (613769.27 7805331.57)
1983156;EMEI MANGUEIRAS;EMEIS;31357391;RUA;COROA DE FRADE;328;;Mangueiras;BARREIRO;POINT (600724.55 7786851.13)
1983386;CRECHE SÃO JOÃO PAULO II;Creches Conveniadas;31377970;RUA;MONTE REAL;60;;Granja de Freitas;LESTE;POINT (616482.63 7797764.04)
1982248;ESCOLA MUNICIPAL EMIDIO BERUTTO;Municipal;31002615;RUA;CONCEICAO DO PARA;1726;;Santa Inês;LESTE;POINT (614003.48 7801411.67)
1983055;EMEI FRANCISCO AZEVEDO;EMEIS;31002721;RUA;PITT;332;;União;NORDESTE;POINT (612408.47 7801157.07)
1983186;EMEI JARDIM GUANABARA;EMEIS;31357782;RUA;JOAO ALVARES CABRAL;77;;Jardim Guanabara;NORTE;POINT (611674.22 7807075.45)
1982202;ESCOLA MUNICIPAL CARMELITA CARVALHO GARCIA;Municipal;31003239;PRACA;OLGA GATTI BARBOSA;10;;Ouro Preto;PAMPULHA;POINT (606034.39 7800850.27)
1983146;EMEI SANTA MARIA;EMEIS;31357880;RUA;JOAO BATISTA VIEIRA;720;;Santa Maria;OESTE;POINT (602809.04 7795545.50)
1983175;EMEI JAQUELINE;EMEIS;31361844;RUA;LUIZ GONZAGA DE SOUZA;101;;Jaqueline;NORTE;POINT (610662.22 7809814.02)
1982095;OBRA EDUCACIONAL CATARINA COMENSOLI;Creches Conveniadas;31004049;RUA;LAGO;425;;São Marcos;NORDESTE;POINT (614151.92 7802436.45)
1982982;INSTITUTO PEDAGOGICO SONHO DA VOVO;Creches Conveniadas;31372145;RUA;JOATUBA;94;;Guarani;NORTE;POINT (612862.18 7805526.06)
1983054;EMEI PROFESSOR JOSÉ BRAZ;EMEIS;31003361;RUA;JOSE ZUQUIM;210;;Santa Margarida;BARREIRO;POINT (602687.43 7791383.58)
1983112;EMEI VILA LEONINA;EMEIS;31361968;RUA;DEZENOVE DE DEZEMBRO;331;;Alpes;OESTE;POINT (608367.34 7793284.44)
1982037;ESCOLA MUNICIPAL AURELIO BUARQUE DE HOLANDA;Municipal;31217786;RUA;FORTUNATO BRUNO DINIZ;40;;Lindéia;BARREIRO;POINT (598555.06 7790774.61)
1982210;CRECHE LAR DAS CRIANÇAS SÃO VICENTE DE PAULO;Creches Conveniadas;31281506;RUA;SOUZA MAGALHAES;853;;Barreiro;BARREIRO;POINT (602143.11 7790484.79)
1981855;ESCOLA MUNICIPAL MARIA DE MAGALHAES PINTO;Municipal;31003123;RUA;SENADOR VIRGILIO TAVORA;150;;Santa Terezinha;PAMPULHA;POINT (604000.21 7802011.50)
1981857;CRECHE LAR DA FRATERNIDADE;Creches Conveniadas;31332381;RUA;ESTRELA DA JORDANIA;171;;Vista Alegre;OESTE;POINT (604672.03 7793388.12)
1982063;INSTITUTO PRESBITERIANO DE EDUCAÇÃO DE MINAS GERAIS;Creches Conveniadas;31257834;RUA;ITAJOBI;106;;Pompéia;LESTE;POINT (614370.98 7797888.33)
1983057;EMEI RENASCENÇA;EMEIS;31002666;RUA;MACAPA;224;;Renascença;NORDESTE;POINT (611139.24 7800219.05)
1982156;CRECHE DOM BOSCO;Creches Conveniadas;31291048;RUA;OLINTO MAGALHAES;2140;;Dom Bosco;NOROESTE;POINT (604634.43 7797971.96)
1983070;EMEI CAFEZAL;EMEIS;31362026;RUA;OLIEM BONFIM GUIMARAES;237;;Nossa Senhora da Conceição;CENTRO-SUL;POINT (613632.07 7795276.22)
1982059;CRECHE PASSO A PASSO COM JESUS;Creches Conveniadas;31322008;RUA;ASTOLFO DUTRA;2385;;Alto Vera Cruz;LESTE;POINT (616004.34 7798446.23)
1983179;EMEI MONTE AZUL;EMEIS;31362018;RUA;AMELIA DE ALMEIDA;10;;Monte Azul;NORTE;POINT (615847.15 7808304.21)
1983422;ABAFE;Creches Conveniadas;31378020;RUA;SONIA BRAZ XAVIER;92;;Jardim Felicidade;NORTE;POINT (611963.31 7807553.99)
1983421;CONSELHO COMUNITARIO ASSIS CHATEAUBRIAND;Creches Conveniadas;31257826;PRACA;GERALDA DINIZ DA SILVA;22;;Vale do Jatobá;BARREIRO;POINT (600770.78 7787217.40)
1983261;"CRECHE DOM BOSCO - Unidade II
";Creches Conveniadas;31377023;RUA;GUAIANA;229;;Dom Bosco;NOROESTE;POINT (604727.69 7798063.49)
1981836;CRECHE ESCOLA INFANTIL PINGO D'ÁGUA;Creches Conveniadas;31281336;RUA;EPAMINONDAS OTONI;315;;Vista Alegre;OESTE;POINT (604758.63 7793528.52)
1982508;CRECHE SONHO DE CRIANÇA;Creches Conveniadas;31339393;RUA;EPAMINONDAS OTONI;255;;Vista Alegre;OESTE;POINT (604725.32 7793585.51)
1982168;ESCOLA MUNICIPAL THEOMAR DE CASTRO ESPINDOLA;Municipal;31312606;RUA;MICA;144;;Nossa Senhora da Aparecida;CENTRO-SUL;POINT (613167.85 7795935.40)
1982090;CRECHE DO MENINO DEUS;Creches Conveniadas;31282235;RUA;NELSON;522;;União;NORDESTE;POINT (612902.29 7801173.09)
1982036;ESCOLA MUNICIPAL EDITH PIMENTA DA VEIGA;Municipal;31217867;ALAMEDA;VARGEM GRANDE;38;;Castanheira;BARREIRO;POINT (601330.25 7788642.19)
1981860;ESCOLA MUNICIPAL PROFESSORA MARIA MAZARELLO;Municipal;31219193;RUA;BENEDITO NEVES;45;;Nazaré;NORDESTE;POINT (615940.68 7804317.45)
1983182;EMEI MARIA GORETTI;EMEIS;31361992;RUA;BARREIRO GRANDE;495;;Maria Goretti;NORDESTE;POINT (614293.46 7803525.09)
1981747;ESCOLA MUNICIPAL MESTRE ATAIDE;Municipal;31003204;RUA;AUGUSTO JOSE DOS SANTOS;560;;Estrela do Oriente;OESTE;POINT (605803.25 7791744.87)
1982187;COMUNIDADE INFANTIL PRÍNCIPE DA PAZ;Creches Conveniadas;31289892;RUA;IRACI CARNEIRO;10;;Monsenhor Messias;NOROESTE;POINT (607580.21 7798025.46)
1982243;ESCOLA MUNICIPAL NOSSA SENHORA DO AMPARO;Municipal;31002739;RUA;HESPERIA;300;;Aparecida;NOROESTE;POINT (609819.42 7800407.12)
1983113;EMEI PALMEIRAS;EMEIS;31357936;RUA;MANUEL ALVES;100;;Palmeiras;OESTE;POINT (606639.32 7791275.42)
1982086;CRECHE CASA DO SOL;Creches Conveniadas;31282383;RUA;JUNIA CRISTINA;120;;Vista do Sol;NORDESTE;POINT (616231.85 7804576.57)
1981853;CRECHE COMUNITÁRIA TIA MAMÁLIA;Creches Conveniadas;31315079;RUA;ESTEVAO MESSIAS;160;;Imbaúbas;OESTE;POINT (605403.84 7794421.61)
1983067;EMEI ITATIAIA;EMEIS;31357952;RUA;MARIA CECILIA;165;;Santa Terezinha;PAMPULHA;POINT (604019.64 7801966.81)
1981809;ESCOLA MUNICIPAL GERALDO TEIXEIRA DA COSTA;Municipal;31003824;RUA;MARCIO LIMA PAIXAO;9;;Rio Branco;VENDA NOVA;POINT (607225.55 7808658.23)
1983174;EMEI PETRÓPOLIS;EMEIS;31357405;RUA;FREDERICO BOY PRUSSIANO;455;;Petrópolis;BARREIRO;POINT (601718.20 7786808.98)
1983097;EMEI BARREIRO;EMEIS;31365556;RUA;SAO PAULO DA CRUZ;65;;Barreiro;BARREIRO;POINT (603459.61 7790353.35)
1981728;ESCOLA MUNICIPAL OSWALDO CRUZ;Municipal;31002771;RUA;SANTOS;2200;;Jardim América;OESTE;POINT (607822.21 7793219.23)
1983242;CENTRO COMUNITARIO DE EDUCACAO LAGOINHA;Creches Conveniadas;31373427;RUA;SAO CRISTOVAO;48;;Lagoinha Leblon;VENDA NOVA;POINT (605119.38 7809928.59)
1982150;ESCOLA MUNICIPAL GOVERNADOR CARLOS LACERDA;Municipal;31002780;RUA;PRINCESA LEOPOLDINA;490;;Ipiranga;NORDESTE;POINT (611787.59 7800803.73)
1981864;ESCOLA MUNICIPAL ANNE FRANK;Municipal;31219185;RUA;CECILIA MAGALHAES GOMES;445;;Confisco;PAMPULHA;POINT (602563.63 7802926.13)
1983164;EMEI SAGRADA FAMÍLIA;EMEIS;31368130;RUA;COSTA MONTEIRO;875;;Sagrada Família;LESTE;POINT (612783.32 7798817.15)
1981862;ESCOLA MUNICIPAL HENRIQUETA LISBOA;Municipal;31212768;RUA;GEORGINA PADUA;297;;Penha;NORDESTE;POINT (613669.96 7802112.15)
1981801;CECIP - CENTRO EDUCATIVO COMUNITÁRIO ISRAEL PINHEIRO;Creches Conveniadas;31289868;RUA;GENERAL OSORIO;966;;Alto Vera Cruz;LESTE;POINT (616235.70 7798013.21)
1982182;CRECHE COMUNITÁRIA DA VILA SUMARÉ;Creches Conveniadas;31281697;RUA;SUMARE;175;;Vila Sumaré;NOROESTE;POINT (608192.75 7800469.83)
1982175;ESCOLA MUNICIPAL TANCREDO PHIDEAS GUIMARAES;Municipal;31003794;RUA;SATURNO;400;;Parque São Pedro;VENDA NOVA;POINT (609953.08 7808675.73)
1983120;EMEI CORNÉLIO VAZ DE MELO;EMEIS;31003271;RUA;POROROCAS;124;;Aparecida;NOROESTE;POINT (609100.19 7799855.74)
1982091;CRECHE PAROQUIAL SÃO JOSÉ;Creches Conveniadas;31006114;RUA;PADRE JOSE ALVES;271;;São Paulo;NORDESTE;POINT (612537.06 7802876.24)
1981748;ESCOLA MUNICIPAL TENENTE MANOEL MAGALHAES PENIDO;Municipal;31003425;RUA;AMUR;60;;Betânia;OESTE;POINT (604947.61 7792344.23)
1981758;ESCOLA MUNICIPAL SEBASTIANA NOVAIS;Municipal;31003778;RUA;ANITA MALFATTI;60;;Tupi B;NORTE;POINT (613155.24 7805645.45)
1982188;CENTRO INFANTIL ELISA DUQUE DE CATÃO;Creches Conveniadas;31299740;RUA;CRUZ ALTA;540;;João Pinheiro;NOROESTE;POINT (604549.04 7795947.99)
1983101;EMEI TAQUARIL;EMEIS;31357537;RUA;DESEMBARGADOR BRAULIO;3550;;Cidade Jardim Taquaril;LESTE;POINT (617065.36 7796762.35)
1981934;ESCOLA MUNICIPAL ISRAEL PINHEIRO;Municipal;31002925;RUA;DESEMBARGADOR BRAULIO;1147;;Alto Vera Cruz;LESTE;POINT (616220.29 7797942.66)
1982050;CRECHE RECANTO COMUNITÁRIO CRIANÇA FELIZ;Creches Conveniadas;31289558;RUA;DESEMBARGADOR BRAULIO;2288;;Taquaril;LESTE;POINT (616480.90 7797102.43)
1981765;CENTRO DE EDUCAÇÃO INFANTIL MARIA FLORIPES;Creches Conveniadas;31348023;RUA;IVALDIR ALVES PEDROSA;313;;Lindéia;BARREIRO;POINT (599812.86 7790433.96)
1981793;ASSOCIAÇÃO BENEFICENTE CANTINHO DO BEBÊ;Creches Conveniadas;31314757;RUA;SACRAMENTO;49;;Nossa Senhora da Conceição;CENTRO-SUL;POINT (613535.81 7795015.49)
1982217;ESCOLA MUNICIPAL MARIA SILVEIRA;Municipal;31003603;RUA;LIBANIA PENA;201;;São Bernardo;NORTE;POINT (610527.11 7805003.15)
1983407;INSTITUTO ESPÍRITA EURÍPEDES - UNIDADE II;Creches Conveniadas;31378399;RUA;MOEDA;26;;Santa Inês;LESTE;POINT (613852.05 7800294.26)
1981779;CRECHE SÃO JOSÉ;Creches Conveniadas;31290211;RUA;TENENTE RENATO CESAR;53;;Cidade Jardim;CENTRO-SUL;POINT (610110.36 7795110.08)
1983361;CRECHE DA ACAO SOCIAL DA PAROQUIA BOM PASTOR;Creches Conveniadas;31282286;PRACA;DA COMUNIDADE;50;;Dom Cabral;NOROESTE;POINT (604802.72 7796723.23)
1983131;EMEI AARÃO REIS;EMEIS;31357820;RUA;TRES;25;;São Gonçalo;NORTE;POINT (612907.95 7805044.91)
1981866;ESCOLA MUNICIPAL JARDIM FELICIDADE;Municipal;31212792;RUA;QUARENTA E SETE A;250;;Jardim Felicidade;NORTE;POINT (611982.01 7807630.27)
1982104;CCEE - CENTRO CRISTÃO EVANGÉLICO EDUCACIONAL;Creches Conveniadas;31308919;RUA;ALIPIO DE MELO;774;;Jardim Montanhês;NOROESTE;POINT (606204.25 7798785.68)
1983224;INSTITUTO PEDAGÓGICO SONHO DA VOVÓ II;Creches Conveniadas;31373036;RUA;CAMBUI;328;;Guarani;NORTE;POINT (612161.35 7805449.19)
1981802;INSTITUTO EDUCACIONAL SÃO JOÃO BATISTA;Creches Conveniadas;31244104;RUA;BONINAS;847;;Esplanada;LESTE;POINT (614931.35 7798414.17)
1982157;CRECHE VOVÓ GUIOMAR;Creches Conveniadas;31281441;RUA;BONFIM;360;;Bonfim;NOROESTE;POINT (610347.82 7797938.47)
1982127;ESCOLA MUNICIPAL PREFEITO OSWALDO PIERUCCETTI;Municipal;31219398;RUA;CAITITE;309;;Conjunto Jardim Filadélfia;NOROESTE;POINT (603724.43 7798172.01)
1982519;CRECHE PATATI PATATÁ;Creches Conveniadas;31282014;RUA;CAJUI;100;;Suzana;PAMPULHA;POINT (611766.75 7803120.09)
1982174;ESCOLA MUNICIPAL CORA CORALINA;Municipal;31003557;RUA;LISBOA;54;;Copacabana;VENDA NOVA;POINT (605732.80 7806386.71)
1983062;EMEI HENFIL;EMEIS;31273732;RUA;BOAVENTURA;844;;Indaiá;PAMPULHA;POINT (609501.49 7803190.09)
1983187;EMEI ENGENHO NOGUEIRA;EMEIS;31365572;RUA;ENGENHO DO MAR;10;;Engenho Nogueira;PAMPULHA;POINT (606598.95 7800125.89)
1983122;EMEI SÃO MARCOS;EMEIS;31362166;RUA;SANTO ALBERTO;10;;Fernão Dias;NORDESTE;POINT (613687.05 7802384.36)
1981911;ESCOLA MUNICIPAL BELO HORIZONTE;Municipal;31002593;AVENIDA;JOSE BONIFACIO;189;;São Cristóvão;NOROESTE;POINT (610175.91 7798851.51)
1981851;ESCOLA MUNICIPAL FRANCISCA ALVES;Municipal;31002682;AVENIDA;SANTA TEREZINHA;8;;Conjunto Lagoa;PAMPULHA;POINT (605029.39 7802820.21)
1983050;EMEI PARAÍSO;EMEIS;31357502;RUA;ITABIRITO;416;;Paraíso;LESTE;POINT (614608.12 7797206.55)
1981958;ESCOLA MUNICIPAL ANISIO TEIXEIRA;Municipal;31250651;RUA;BOLIVAR;10;;União;NORDESTE;POINT (612440.27 7801048.00)
1981876;ESCOLA MUNICIPAL ULYSSES GUIMARAES;Municipal;31231983;RUA;BOLIVIA;532;;Santa Rita de Cássia;CENTRO-SUL;POINT (610931.00 7793592.24)
1983049;EMEI MIRAMAR;EMEIS;31357359;RUA;TRES MARIAS;151;;Miramar;BARREIRO;POINT (603334.27 7788792.84)
1981737;ESCOLA MUNICIPAL DULCE MARIA HOMEM;Municipal;31212776;RUA;TRES MARIAS;221;;Miramar;BARREIRO;POINT (603275.98 7788781.41)
1982180;ESCOLA MUNICIPAL ZILDA ARNS;Municipal;31346900;RUA;ERVA MATE;46;;Piratininga;VENDA NOVA;POINT (605549.24 7808339.82)
1983222;CASA FELIX;Creches Conveniadas;31375551;RUA;CANTORA MAYSA;30;;Lajedo;NORTE;POINT (614001.76 7806604.11)
1981955;ESCOLA MUNICIPAL LUIZ GONZAGA JUNIOR;Municipal;31217832;RUA;MARIA PEREIRA DAMASCENO;65;;Ernesto do Nascimento;BARREIRO;POINT (601228.65 7787269.26)
1982540;CRECHE SONHO DE CRIANÇA;Creches Conveniadas;31315109;RUA;ALCIDES LINS;112;;Venda Nova;VENDA NOVA;POINT (608804.88 7808545.33)
1981761;ESCOLA MUNICIPAL LIDIA ANGELICA;Municipal;31003581;RUA;CORONEL INDIO DO BRASIL;64;;Itapoã;PAMPULHA;POINT (609071.47 7806056.18)
1982509;CENTRO COMUNITÁRIO INFANTIL CAMINHANDO COM JESUS DO BAIRRO CAMARGOS;Creches Conveniadas;31281824;RUA;JOSE MOREIRA MOTA;577;;Camargos;OESTE;POINT (602336.81 7794495.23)
1981946;ESCOLA MUNICIPAL MARCONI;Municipal;31002674;AVENIDA;DO CONTORNO;8476;;Santo Agostinho;CENTRO-SUL;POINT (609374.17 7795778.18)
1982977;INSTITUTO EDUCACIONAL CRISTÃO PEQUENOS BRILHANTES;Creches Conveniadas;31356280;RUA;EMILIO CARDOSO AIRES;210;;Tupi B;NORTE;POINT (613298.10 7805897.05)
1982166;ESCOLA MUNICIPAL CIAC LUCAS MONTEIRO MACHADO;Municipal;31244473;RUA;OTAVIANO DE CARVALHO;12;;Vila Pinho;BARREIRO;POINT (601832.87 7788230.32)
1983109;EMEI JARDIM DOS COMERCIÁRIOS;EMEIS;31358029;RUA;SETE DE OUTUBRO;600;;Jardim dos Comerciários;VENDA NOVA;POINT (607217.27 7811344.25)
1982237;ESCOLA MUNICIPAL HONORINA RABELLO;Municipal;31002844;RUA;MARIA CONCEICAO BONFIM;315;;Goiânia;NORDESTE;POINT (615622.01 7803935.77)
1983095;EMEI PARQUE REAL;EMEIS;31362085;RUA;TRES MIL E SETENTA E QUATRO;500;;Paulo VI;NORDESTE;POINT (616400.03 7805651.79)
1983110;EMEI LAGOA;EMEIS;31358002;RUA;HELCIO PEREIRA FORTES;6;;Lagoa;VENDA NOVA;POINT (604726.10 7809268.40)
1982103;ASSISTÊNCIA SOCIAL KENNEDY;Creches Conveniadas;31308561;RUA;ALINE;907;;Pindorama;NOROESTE;POINT (602332.11 7798093.19)
1981743;ESCOLA MUNICIPAL PROFESSOR MELLO CANCADO;Municipal;31003379;RUA;DAS PETUNIAS;2058;;Lindéia;BARREIRO;POINT (599061.38 7790334.40)
1983111;EMEI JARDIM MONTANHES;EMEIS;31361887;RUA;LEOPOLDO PEREIRA;197;;Jardim Montanhês;NOROESTE;POINT (606608.90 7798712.71)
1983009;INSTITUTO DE EDUCAÇÃO ARCA DE NOÉ - UNIDADE SERRANO;Creches Conveniadas;31370894;RUA;HELIA RICALDONI DE FREITAS;327;;Serrano;PAMPULHA;POINT (603893.32 7801740.26)
1982526;CRECHE NOSSA SENHORA DAS NEVES;Creches Conveniadas;31303747;RUA;DA PASCOA;40;;Jardim São José;PAMPULHA;POINT (605803.48 7798781.94)
1982053;CRECHE CLUBINHO DE NOSSA SENHORA DAS VITÓRIAS;Creches Conveniadas;31289582;BECO;PONTA PORA;144;;Vila União;LESTE;POINT (613157.56 7796901.83)
1983115;EMEI PAULO VI;EMEIS;31361763;RUA;QUATRO MIL SETECENTOS E SESSENTA E NOVE;150;;Conjunto Paulo VI;NORDESTE;POINT (616622.58 7806625.81)
1983077;EMEI TIMBIRAS;EMEIS;31357413;RUA;DOS TIMBIRAS;1697;;Lourdes;CENTRO-SUL;POINT (611016.74 7796244.67)
1982215;ESCOLA MUNICIPAL SANTA TEREZINHA;Municipal;31219231;RUA;CONCEICAO DA APARECIDA;400;;Santa Terezinha;PAMPULHA;POINT (604582.48 7802474.00)
1983162;EMEI PADRE TARCÍSIO;EMEIS;31357448;RUA;MANGABEIRA DA SERRA;280;;Marçola;CENTRO-SUL;POINT (614107.08 7794324.26)
1983096;EMEI ITAIPU;EMEIS;31362212;RUA;TINGUI;221;;CDI Jatobá;BARREIRO;POINT (600093.04 7788785.90)
1982238;ESCOLA MUNICIPAL PROFESSORA HELENA ABDALLA;Municipal;31003719;RUA;ARNALDO LOURENCO;602;;Pousada Santo Antônio;NORDESTE;POINT (616897.35 7803868.41)
1982041;ESCOLA MUNICIPAL JOAO DO PATROCINIO;Municipal;31002968;RUA;SERINGUEIRA;128;;Nova Gameleira;OESTE;POINT (605339.36 7794337.50)
1981966;ESCOLA MUNICIPAL PROFESSOR HILTON ROCHA;Municipal;31294659;RUA;VICENTE SURETTE;215;;Mangueiras;BARREIRO;POINT (600685.89 7786799.61)
1981787;ESCOLA MUNICIPAL PROFESSOR AMILCAR MARTINS;Municipal;31219568;RUA;PRELUDIO;54;;Santa Amélia;PAMPULHA;POINT (607682.48 7806814.91)
1981760;ESCOLA MUNICIPAL TRISTAO DA CUNHA;Municipal;31003808;RUA;DOUTOR JOSE FEROLLA;80;;Planalto;NORTE;POINT (610681.07 7806112.65)
1982538;CRECHE COMUNITÁRIA RECANTO VERDE;Creches Conveniadas;31291579;RUA;HEITOR A MONTALVAO;211;;Conjunto Serra Verde;VENDA NOVA;POINT (609492.95 7811028.08)
1983141;EMEI CASTELO;EMEIS;31357960;RUA;CASTELO DE ALCAZAR;10;;Castelo;PAMPULHA;POINT (604977.89 7801782.09)
1983118;EMEI MANTIQUEIRA;EMEIS;31361984;RUA;ARAMITA FRANCISCA DOS SANTOS;88;;Mantiqueira;VENDA NOVA;POINT (607007.58 7811636.37)
1983098;EMEI POMPÉIA;EMEIS;31362158;RUA;BELEM;1800;;Pompéia;LESTE;POINT (614793.94 7797370.79)
1983068;EMEI DELFIM MOREIRA;EMEIS;31357456;RUA;ESPIRITO SANTO;890;;Centro;CENTRO-SUL;POINT (611111.74 7796752.05)
1982049;CRECHE IMACULADA CONCEIÇÃO DA SOCIEDADE DE SÃO VICENTE DE PAULO;Creches Conveniadas;31297739;RUA;MOCOCA;62;;Nova Vista;LESTE;POINT (614974.20 7800663.55)
1982051;CRECHE CAMINHO À LUZ;Creches Conveniadas;31289591;RUA;TENENTE GARRO;176;;Santa Efigênia;LESTE;POINT (613249.02 7796287.65)
1981751;ESCOLA MUNICIPAL PROFESSORA ISAURA SANTOS;Municipal;31003263;RUA;HOFFMAN;80;;Santa Helena;BARREIRO;POINT (603663.53 7789395.68)
1981825;CRECHE PADRE EUSTÁQUIO;Creches Conveniadas;31308846;RUA;HENRIQUE GORCEIX;340;;Padre Eustáquio;NOROESTE;POINT (606785.62 7797109.68)
1983223;INSTITUTO EDUCACIONAL INFANTIL EMANUEL;Creches Conveniadas;31374083;RUA;BANDEIRANTES DO OESTE;96;;Nova Cintra;OESTE;POINT (605927.22 7793732.73)
1982524;EPRE - EDUCANDARIO PRESBITERIANO RENOVADO;Creches Conveniadas;31281859;RUA;FLOR DA CACHOEIRINHA;95;;Jardim Alvorada;PAMPULHA;POINT (605702.17 7799161.75)
1982048;ESCOLA MUNICIPAL LEVINDO LOPES;Municipal;31003042;RUA;FLUORINA;1460;;Paraíso;LESTE;POINT (614639.17 7796617.50)
1982517;CRECHE COMUNITÁRIA RECANTO FELIZ;Creches Conveniadas;31308528;RUA;CONGONHAL;457;;Santa Terezinha;PAMPULHA;POINT (603907.27 7802641.24)
1982129;ESCOLA MUNICIPAL AGENOR ALVES DE CARVALHO;Municipal;31002798;RUA;AGENOR ALVES;53;;Nazaré;NORDESTE;POINT (615595.51 7804288.82)
1983130;EMEI OURO MINAS;EMEIS;31357588;RUA;DAS URSULINAS;98;;Ouro Minas;NORDESTE;POINT (614638.72 7805261.94)
1982096;CRECHE INFANTIL OS TRÊS PORQUINHOS;Creches Conveniadas;31302058;RUA;DOS FERREIROS;228;;São Gabriel;NORDESTE;POINT (614312.10 7804384.81)
1982083;CRECHE COMUNITÁRIA DOM GIUSSANI;Creches Conveniadas;31332038;RUA;GERALDO FERNANDES;190;;Novo Tupi;NORTE;POINT (614042.52 7805913.70)
1983137;EMEI JARDIM VITÓRIA;EMEIS;31357561;RUA;BRANCA;250;;Vitória;NORDESTE;POINT (617000.31 7803570.69)
1981781;ESCOLINHA EVANGÉLICA DE EDUCAÇÃO INFANTIL;Creches Conveniadas;31290203;BECO;SAO JOAO;90;;Estrela;CENTRO-SUL;POINT (610820.18 7793843.50)
1982146;ESCOLA MUNICIPAL PADRE GUILHERME PETERS;Municipal;31002852;RUA;CORONEL JORGE DAVIS;300;;Nossa Senhora do Rosário;CENTRO-SUL;POINT (613501.27 7795614.35)
1982528;CCEE - CENTRO CRISTÃO EVANGÉLICO EDUCACIONAL;Creches Conveniadas;31343684;RUA;FLOR D'AGUA;681;;Jardim Alvorada;PAMPULHA;POINT (605643.38 7800054.46)
1982531;AMBJA;Creches Conveniadas;31356875;RUA;FLOR D'AGUA;711;;Jardim Alvorada;PAMPULHA;POINT (605633.36 7800086.53)
1982256;ESCOLA MUNICIPAL LUIGI TONIOLO;Municipal;31003069;RUA;MAFRA;124;;Novo Glória;NOROESTE;POINT (602856.69 7799015.06)
1983143;EMEI PROFESSORA MARTA NAIR MONTEIRO;EMEIS;31357480;RUA;UNIAO;16;;Santa Rita de Cássia;CENTRO-SUL;POINT (610733.67 7793298.20)
1981778;CRECHE NOSSA SENHORA DO CARMO DA VILA SANTA RITA DE CÁSSIA;Creches Conveniadas;31290271;RUA;UNIAO;83;;Santa Rita de Cássia;CENTRO-SUL;POINT (610686.11 7793321.99)
1981753;ESCOLA MUNICIPAL ANTONIO MOURAO GUIMARAES;Municipal;31002950;RUA;INTERSINDICAL;270;;Flávio de Oliveira;BARREIRO;POINT (604348.61 7788040.55)
1983076;EMEI PLANALTO;EMEIS;31362093;RUA;LUIZ DE MELLO MATTOS;215;;Planalto;NORTE;POINT (610430.24 7805941.77)
1982990;CRECHE METODISTA ISABEL VEIGA PINTO;Creches Conveniadas;31308650;RUA;FLOR DE LA;40;;Jardim Alvorada;PAMPULHA;POINT (606203.93 7799209.89)
1981833;CENTRO DE EDUCAÇÃO INFANTIL SÃO FRANCISCO;Creches Conveniadas;31281409;RUA;ESPINOSA;1007;;Carlos Prates;NOROESTE;POINT (608724.14 7797640.45)
1981937;ESCOLA MUNICIPAL PROFESSOR JOAO CAMILO DE OLIVEIRA;Municipal;31002941;RUA;ESTER BATISTA VIEIRA;12;;Califórnia;NOROESTE;POINT (603676.61 7796035.20)
